seed,algorithm,filled,fill_rate,shortfall_bps,shortfall_ticks,slippage_vs_vwap_bps,execution_cost,market_impact,permanent_impact,child_orders
0,TWAP,600,1,4.39868,4.4,2.07423,2640,-3.5,2,500
0,VWAP,600,1,6.03652,6.03833,1.50888,3623,13,12.5,445
0,POV(20%),600,1,4.49532,4.49667,1.29256,2698,4,-0.5,224
0,AC(kT=0.5),600,1,24.7626,24.77,3.29317,14862,36,36,500
0,AC(kT=2.0),600,1,0.148289,0.148333,1.25338,89,-3,-5.5,444
0,AC(kT=5.0),600,1,3.27235,3.27333,1.66891,1964,1.5,0,279
0,AC(kT=10.0),600,1,3.59059,3.59167,-4.02081,2155,6.5,9.5,174
1,TWAP,600,1,0.474763,0.475,1.38978,285,6,11.5,500
1,VWAP,600,1,0.0949525,0.095,1.38129,57,2.5,0.5,445
1,POV(20%),600,1,6.5334,6.53667,0.390105,3922,10,10,215
1,AC(kT=0.5),600,1,-8.6057,-8.61,-0.787915,-5166,-6.5,-4.5,500
1,AC(kT=2.0),600,1,-6.62002,-6.62333,0.597196,-3974,-6,-6,444
1,AC(kT=5.0),600,1,5.24404,5.24667,-2.48897,3148,11.5,12,279
1,AC(kT=10.0),600,1,3.25004,3.25167,0.639556,1951,4,5,174
2,TWAP,600,1,6.92964,6.92167,1.95167,4153,0.5,1,500
2,VWAP,600,1,7.10317,7.095,1.22087,4257,13.5,15,445
2,POV(20%),597,0.995,4.95403,4.94833,1.23673,2946.5,7.5,5,231
2,AC(kT=0.5),600,1,6.79949,6.79167,1.84263,4075,0.5,-0.5,500
2,AC(kT=2.0),600,1,1.14632,1.145,2.09366,687,-2.5,1.5,444
2,AC(kT=5.0),600,1,6.18378,6.17667,-4.73003,3706,22,29.5,279
2,AC(kT=10.0),600,1,5.66485,5.65833,-1.35047,3395,8,7,174
3,TWAP,600,1,13.3943,13.395,3.27283,8037,20,23.5,500
3,VWAP,600,1,2.46154,2.46167,0.320494,1477,10,14.5,445
3,POV(20%),600,1,7.78294,7.78333,0.487896,4670,17,21.5,234
3,AC(kT=0.5),600,1,5.88971,5.89,2.06689,3534,4.5,2,500
3,AC(kT=2.0),600,1,-1.35827,-1.35833,0.953421,-815,-1,1,444
3,AC(kT=5.0),600,1,-0.0766628,-0.0766667,-1.01101,-46,4.5,4.5,279
3,AC(kT=10.0),600,1,1.55826,1.55833,-5.3149,935,8.5,5,174
4,TWAP,600,1,5.76148,5.76667,1.15548,3460,6.5,5,500
4,VWAP,600,1,4.53425,4.53833,1.0403,2723,6,2,445
4,POV(20%),600,1,0.787624,0.788333,1.46107,473,-7,-4.5,229
4,AC(kT=0.5),600,1,6.08785,6.09333,1.62873,3656,5.5,1.5,500
4,AC(kT=2.0),600,1,6.58574,6.59167,1.08672,3955,7,3.5,444
4,AC(kT=5.0),600,1,6.22107,6.22667,0.892461,3736,4,-6,279
4,AC(kT=10.0),600,1,5.99627,6.00167,9.99323,3601,-18.5,-23,174
5,TWAP,600,1,-1.11344,-1.11333,0.501697,-668,0.5,0,500
5,VWAP,600,1,0.980098,0.98,1.26198,588,2.5,-0.5,445
5,POV(20%),600,1,-1.6935,-1.69333,0.755972,-1016,5.5,4,232
5,AC(kT=0.5),600,1,-2.25856,-2.25833,0.260185,-1355,-1,2.5,500
5,AC(kT=2.0),600,1,3.41034,3.41,0.636912,2046,5.5,8,444
5,AC(kT=5.0),600,1,6.83568,6.835,-2.21417,4101,9,10.5,279
5,AC(kT=10.0),600,1,5.45721,5.45667,-2.71634,3274,9.5,7.5,174
6,TWAP,600,1,9.06986,9.07667,2.06849,5446,8.5,8,500
6,VWAP,600,1,5.27105,5.275,1.1392,3165,4,5,445
6,POV(20%),600,1,3.87709,3.88,1.41727,2328,0.5,-1,234
6,AC(kT=0.5),600,1,9.90257,9.91,1.97118,5946,13,9,500
6,AC(kT=2.0),600,1,7.39612,7.40167,0.586575,4441,15,18,444
6,AC(kT=5.0),600,1,7.63927,7.645,3.27675,4587,0,-2,279
6,AC(kT=10.0),600,1,7.95403,7.96,-1.04177,4776,12,11.5,174
7,TWAP,600,1,5.58361,5.58333,2.57373,3350,-2,-2.5,500
7,VWAP,600,1,9.90383,9.90333,0.725312,5942,16,10,445
7,POV(20%),600,1,1.97677,1.97667,1.41108,1186,-8,-6.5,241
7,AC(kT=0.5),600,1,6.29698,6.29667,0.853374,3778,12,12,500
7,AC(kT=2.0),600,1,10.9572,10.9567,-0.876376,6574,19.5,17.5,444
7,AC(kT=5.0),600,1,5.67195,5.67167,-1.31413,3403,11,15,279
7,AC(kT=10.0),600,1,4.30022,4.3,1.24665,2580,-2,-2,174
8,TWAP,600,1,6.78707,6.78333,2.26322,4070,7.5,10,500
8,VWAP,600,1,5.57807,5.575,0.692842,3345,15.5,15.5,445
8,POV(20%),584,0.973333,7.70757,7.70333,1.1805,4382,15,9,233
8,AC(kT=0.5),600,1,6.08335,6.08,1.17626,3648,16,16.5,500
8,AC(kT=2.0),600,1,4.40242,4.4,0.498534,2640,1,-2,444
8,AC(kT=5.0),600,1,4.09392,4.09167,-0.687805,2455,0,-0.5,279
8,AC(kT=10.0),600,1,3.91048,3.90833,-4.99829,2345,15,13.5,174
9,TWAP,600,1,4.2494,4.24833,1.40505,2549,-1.5,0.5,500
9,VWAP,600,1,4.61282,4.61167,0.705803,2767,6.5,9.5,445
9,POV(20%),555,0.925,2.79737,2.79667,1.23627,1790.5,-2.5,-11.5,227
9,AC(kT=0.5),600,1,5.7231,5.72167,1.27872,3433,3,-3.5,500
9,AC(kT=2.0),600,1,4.75119,4.75,0.611787,2850,6.5,5,444
9,AC(kT=5.0),600,1,3.70093,3.7,1.89231,2220,2.5,6,279
9,AC(kT=10.0),600,1,4.66117,4.66,0.778267,2796,-7,-6.5,174
10,TWAP,600,1,-11.4681,-11.475,-0.140458,-6885,-17.5,-16,500
10,VWAP,600,1,-4.91205,-4.915,1.32122,-2949,-9,-9.5,445
10,POV(20%),600,1,-1.52908,-1.53,1.03522,-918,1.5,0.5,249
10,AC(kT=0.5),600,1,-1.70564,-1.70667,1.26677,-1024,-4.5,-12.5,500
10,AC(kT=2.0),600,1,-5.49004,-5.49333,2.34334,-3296,-16.5,-16,444
10,AC(kT=5.0),600,1,1.32587,1.32667,2.66771,796,-13.5,-16,279
10,AC(kT=10.0),600,1,2.20534,2.20667,-3.96765,1324,11.5,13.5,174
11,TWAP,600,1,0.249925,0.25,1.2317,150,-0.5,1.5,500
11,VWAP,600,1,2.93912,2.94,0.726463,1764,9.5,8,445
11,POV(20%),600,1,-3.74554,-3.74667,3.80389,-2248,-17.5,-14,225
11,AC(kT=0.5),600,1,-3.5456,-3.54667,0.760883,-2128,-7.5,-15.5,500
11,AC(kT=2.0),600,1,-0.89973,-0.9,-0.0409908,-540,2.5,6.5,444
11,AC(kT=5.0),600,1,-2.96078,-2.96167,2.44005,-1777,-3.5,0.5,279
11,AC(kT=10.0),600,1,-0.881402,-0.881667,0.151944,-529,8,10.5,174
12,TWAP,600,1,-5.39373,-5.38833,0.499325,-3233,-8,-17,500
12,VWAP,600,1,-4.99333,-4.98833,0.905195,-2993,-4,-10.5,445
12,POV(20%),600,1,-0.557224,-0.556667,0.723826,-334,4.5,11,223
12,AC(kT=0.5),600,1,-5.96096,-5.955,0.835478,-3573,-9.5,-10,500
12,AC(kT=2.0),600,1,-7.28896,-7.28167,0.10574,-4369,-1.5,-2.5,444
12,AC(kT=5.0),600,1,-3.67868,-3.675,-0.0915901,-2205,7.5,7.5,279
12,AC(kT=10.0),600,1,0.855856,0.855,7.36546,513,-19,-9,174
13,TWAP,600,1,5.52085,5.52333,1.84853,3314,13,19,500
13,VWAP,600,1,-3.29185,-3.29333,1.29153,-1976,-3.5,-10.5,445
13,POV(20%),600,1,-3.47011,-3.47167,1.42441,-2083,-6,-3.5,234
13,AC(kT=0.5),600,1,3.0353,3.03667,1.93811,1822,3,2,500
13,AC(kT=2.0),600,1,-1.76254,-1.76333,0.807291,-1058,-5.5,-7,444
13,AC(kT=5.0),600,1,0.694687,0.695,2.81876,417,-5,-19.5,279
13,AC(kT=10.0),600,1,1.90414,1.905,2.57835,1143,-3,1,174
14,TWAP,600,1,4.00806,4.01167,1.36397,2407,1.5,7.5,500
14,VWAP,600,1,6.24105,6.24667,0.880994,3748,2,-0.5,445
14,POV(20%),600,1,0.691045,0.691667,1.52235,415,-9.5,-3,234
14,AC(kT=0.5),600,1,2.83079,2.83333,1.90127,1700,-4.5,-6.5,500
14,AC(kT=2.0),600,1,5.94132,5.94667,1.06634,3568,1.5,-0.5,444
14,AC(kT=5.0),600,1,12.8851,12.8967,-2.70433,7738,19,17,279
14,AC(kT=10.0),600,1,8.17098,8.17833,4.26863,4907,-3,-4,174
15,TWAP,600,1,-1.48485,-1.485,0.24588,-891,-1.5,-0.5,500
15,VWAP,600,1,-9.86901,-9.87,0.563171,-5922,-16,-12,445
15,POV(20%),600,1,2.3381,2.33833,0.398161,1403,9.5,14,193
15,AC(kT=0.5),600,1,15.9817,15.9833,3.50855,9590,17,21,500
15,AC(kT=2.0),600,1,-2.3431,-2.34333,0.390068,-1406,4.5,4.5,444
15,AC(kT=5.0),600,1,-4.54788,-4.54833,9.35513,-2729,-32.5,-30.5,279
15,AC(kT=10.0),600,1,4.01127,4.01167,-0.191516,2407,1.5,4,174
16,TWAP,600,1,7.08656,7.08833,1.81336,4253,9,9,500
16,VWAP,600,1,7.0699,7.07167,1.33292,4243,12.5,15,445
16,POV(20%),600,1,16.2243,16.2283,-0.32422,9737,23,22.5,187
16,AC(kT=0.5),600,1,8.28959,8.29167,2.08418,4975,13,14.5,500
16,AC(kT=2.0),600,1,3.49413,3.495,1.79098,2097,-0.5,2,444
16,AC(kT=5.0),600,1,3.59577,3.59667,3.81074,2158,-6.5,-5.5,279
16,AC(kT=10.0),600,1,2.92094,2.92167,-2.91303,1753,7.5,8,174
17,TWAP,600,1,1.14064,1.14167,1.83237,685,-1.5,-2.5,500
17,VWAP,600,1,-2.89739,-2.9,1.03905,-1740,-3,-4,445
17,POV(20%),600,1,-2.78583,-2.78833,0.906933,-1673,1.5,0,207
17,AC(kT=0.5),600,1,-7.75136,-7.75833,0.143924,-4655,-15.5,-17,500
17,AC(kT=2.0),600,1,-0.64109,-0.641667,0.146358,-385,4,3,444
17,AC(kT=5.0),600,1,0.557831,0.558333,-2.00008,335,13,16.5,279
17,AC(kT=10.0),600,1,3.21377,3.21667,2.42942,1930,-2.5,1.5,174
18,TWAP,600,1,8.03016,8.02333,1.83783,4814,8.5,9,500
18,VWAP,600,1,8.09188,8.085,0.825062,4851,13.5,16.5,445
18,POV(20%),600,1,5.65314,5.64833,1.10928,3389,5.5,5,226
18,AC(kT=0.5),600,1,10.5957,10.5867,1.67681,6352,10,10,500
18,AC(kT=2.0),600,1,7.14774,7.14167,1.18503,4285,11,10.5,444
18,AC(kT=5.0),600,1,5.4146,5.41,1.63369,3246,-1,-5,279
18,AC(kT=10.0),600,1,4.82243,4.81833,-8.31994,2891,16.5,11,174
19,TWAP,600,1,-0.133207,-0.133333,0.883788,-80,-3,-3,500
19,VWAP,600,1,2.68578,2.68833,0.54051,1613,12,19,445
19,POV(20%),576,0.96,1.62845,1.63,1.21235,966,0.5,-1,225
19,AC(kT=0.5),600,1,1.31209,1.31333,0.98539,788,2.5,-3.5,500
19,AC(kT=2.0),600,1,-0.852523,-0.853333,1.31501,-512,-7,-4,444
19,AC(kT=5.0),600,1,6.0709,6.07667,-0.0739575,3646,3.5,5.5,279
19,AC(kT=10.0),600,1,5.33327,5.33833,-5.61455,3203,21.5,22,174
20,TWAP,600,1,13.8285,13.825,1.59072,8295,31,38,500
20,VWAP,600,1,4.44444,4.44333,1.01654,2666,0.5,1,445
20,POV(20%),600,1,10.3626,10.36,0.959305,6216,12,11.5,221
20,AC(kT=0.5),600,1,19.5132,19.5083,2.00639,11705,33.5,33,500
20,AC(kT=2.0),600,1,8.23706,8.235,-0.777439,4941,21.5,20.5,444
20,AC(kT=5.0),600,1,6.5433,6.54167,-2.05116,3925,16,22,279
20,AC(kT=10.0),600,1,6.04818,6.04667,1.05914,3628,5,10,174
21,TWAP,600,1,11.1351,11.1067,2.531,6664,12,12.5,500
21,VWAP,600,1,2.04689,2.04167,1.00128,1225,0.5,-2,445
21,POV(20%),600,1,8.0522,8.03167,2.41236,4819,1,6,212
21,AC(kT=0.5),600,1,9.12995,9.10667,2.70907,5464,6.5,-3,500
21,AC(kT=2.0),600,1,0.461176,0.46,1.58652,276,-5.5,-1,444
21,AC(kT=5.0),600,1,9.21349,9.19,-3.4504,5514,18.5,24,279
21,AC(kT=10.0),600,1,6.70877,6.69167,2.14384,4015,-4.5,-10.5,174
22,TWAP,600,1,1.35768,1.35667,1.36804,814,7.5,10,500
22,VWAP,600,1,-8.8483,-8.84167,-0.911331,-5305,-20,-18,445
22,POV(20%),600,1,2.71537,2.71333,3.42604,1628,-2.5,-0.5,176
22,AC(kT=0.5),600,1,-1.78134,-1.78,-1.12626,-1068,0.5,2.5,500
22,AC(kT=2.0),600,1,-4.53674,-4.53333,1.29528,-2720,-22,-21.5,444
22,AC(kT=5.0),600,1,5.30898,5.305,0.638353,3183,7,10,279
22,AC(kT=10.0),600,1,2.03653,2.035,6.24337,1221,-8.5,-10,174
23,TWAP,600,1,-1.47911,-1.47667,1.83155,-886,-10,-4.5,500
23,VWAP,600,1,-2.32884,-2.325,0.946424,-1395,-3.5,-2,445
23,POV(20%),600,1,8.49068,8.47667,0.0873758,5086,21.5,28,232
23,AC(kT=0.5),600,1,1.35724,1.355,1.82829,813,-1.5,-3.5,500
23,AC(kT=2.0),600,1,0.926529,0.925,-0.233675,555,11,13.5,444
23,AC(kT=5.0),600,1,0.485802,0.485,2.46129,291,-4,-9,279
23,AC(kT=10.0),600,1,1.53754,1.535,-2.11409,921,8,10.5,174
24,TWAP,600,1,8.6689,8.665,-0.0413182,5199,19.5,16,500
24,VWAP,600,1,8.25205,8.24833,1.00028,4949,8,2.5,445
24,POV(20%),600,1,1.70744,1.70667,1.32774,1024,-1.5,-4.5,226
24,AC(kT=0.5),600,1,7.7885,7.785,1.60979,4671,9.5,7.5,500
24,AC(kT=2.0),600,1,5.06561,5.06333,2.8664,3038,-6.5,-8.5,444
24,AC(kT=5.0),600,1,10.3813,10.3767,-2.75451,6226,16.5,13,279
24,AC(kT=10.0),600,1,6.4529,6.45,-4.01097,3870,16,20.5,174
25,TWAP,600,1,-0.0801282,-0.08,1.30908,-48,2,4,500
25,VWAP,600,1,10.2931,10.2767,0.922836,6166,6,3.5,445
25,POV(20%),600,1,6.52544,6.515,1.47628,3909,-0.5,-5,236
25,AC(kT=0.5),600,1,-3.6642,-3.65833,3.16802,-2195,-15,-17.5,500
25,AC(kT=2.0),600,1,-7.33006,-7.31833,2.84625,-4391,-24.5,-23,444
25,AC(kT=5.0),600,1,1.54581,1.54333,2.57113,926,-6,-3.5,279
25,AC(kT=10.0),600,1,2.32873,2.325,0.411029,1395,-6.5,-7,174
26,TWAP,600,1,11.6276,11.645,2.69865,6987,16.5,18,500
26,VWAP,600,1,2.666,2.67,0.984468,1602,1.5,4,445
26,POV(20%),600,1,4.44666,4.45333,0.818847,2672,11,11,246
26,AC(kT=0.5),600,1,5.37194,5.38,1.87916,3228,3,2.5,500
26,AC(kT=2.0),600,1,6.43701,6.44667,-0.299794,3868,16,17.5,444
26,AC(kT=5.0),600,1,0.203029,0.203333,2.7212,122,-7.5,2,279
26,AC(kT=10.0),600,1,1.45282,1.455,0.954542,873,0,1.5,174
27,TWAP,600,1,5.35842,5.35333,0.795083,3212,6.5,2.5,500
27,VWAP,600,1,-1.8601,-1.85833,0.931223,-1115,-0.5,-4,445
27,POV(20%),600,1,10.0179,10.0083,1.0686,6005,11.5,11.5,229
27,AC(kT=0.5),600,1,4.50094,4.49667,1.67089,2698,-10,-10.5,500
27,AC(kT=2.0),600,1,4.23402,4.23,0.317519,2538,13,10,444
27,AC(kT=5.0),600,1,4.08054,4.07667,-0.562586,2446,9.5,12.5,279
27,AC(kT=10.0),600,1,5.29837,5.29333,-2.42117,3176,11,13.5,174
28,TWAP,600,1,19.8437,19.8467,2.34138,11908,31,29.5,500
28,VWAP,600,1,14.5045,14.5067,0.731342,8704,16,13,445
28,POV(20%),600,1,5.49751,5.49833,1.92971,3299,4,-2,213
28,AC(kT=0.5),600,1,10.0785,10.08,1.43651,6048,9.5,9.5,500
28,AC(kT=2.0),600,1,21.0535,21.0567,-2.11426,12634,42,38.5,444
28,AC(kT=5.0),600,1,11.4699,11.4717,-2.18728,6883,9,9.5,279
28,AC(kT=10.0),600,1,8.2471,8.24833,-7.04579,4949,19,16.5,174
29,TWAP,600,1,2.90744,2.915,1.13976,1749,4.5,0,500
29,VWAP,600,1,8.63588,8.65833,1.08761,5195,21,27,445
29,POV(20%),600,1,7.434,7.45333,0.356385,4472,14,13,229
29,AC(kT=0.5),600,1,2.83762,2.845,0.635345,1707,7.5,8.5,500
29,AC(kT=2.0),600,1,2.67305,2.68,0.320771,1608,7,0.5,444
29,AC(kT=5.0),600,1,3.25986,3.26833,-0.560703,1961,9.5,7,279
29,AC(kT=10.0),600,1,4.07773,4.08833,1.18558,2453,4.5,4,174
30,TWAP,600,1,4.90784,4.90833,2.29995,2945,-8.5,-4,500
30,VWAP,600,1,5.3778,5.37833,1.01736,3227,8.5,4.5,445
30,POV(20%),600,1,4.79119,4.79167,1.18102,2875,7.5,8.5,237
30,AC(kT=0.5),600,1,7.83922,7.84,2.17628,4704,13.5,13,500
30,AC(kT=2.0),600,1,1.77982,1.78,0.674635,1068,0,0,444
30,AC(kT=5.0),600,1,2.79472,2.795,1.22977,1677,-1,3,279
30,AC(kT=10.0),600,1,3.82795,3.82833,-2.73292,2297,9.5,9.5,174
31,TWAP,600,1,6.43996,6.44833,2.10388,3869,5.5,4.5,500
31,VWAP,600,1,6.01884,6.02667,1.75428,3616,4,0,445
31,POV(20%),600,1,1.47641,1.47833,3.05894,887,-8,-7.5,220
31,AC(kT=0.5),600,1,11.6815,11.6967,2.42747,7018,23,20.5,500
31,AC(kT=2.0),600,1,8.15107,8.16167,0.328303,4897,16,9,444
31,AC(kT=5.0),600,1,5.99055,5.99833,-1.84783,3599,11.5,16,279
31,AC(kT=10.0),600,1,5.06009,5.06667,7.58568,3040,-14.5,-22.5,174
32,TWAP,600,1,-0.165116,-0.165,0.424505,-99,3.5,6,500
32,VWAP,600,1,4.33137,4.32833,-0.434351,2597,3.5,2.5,445
32,POV(20%),600,1,5.79406,5.79,1.38995,3474,1,0.5,245
32,AC(kT=0.5),600,1,10.5741,10.5667,0.584042,6340,24,26,500
32,AC(kT=2.0),600,1,6.01421,6.01,0.728348,3606,7.5,7.5,444
32,AC(kT=5.0),600,1,5.44548,5.44167,-4.60716,3265,20.5,22,279
32,AC(kT=10.0),600,1,2.65186,2.65,4.10806,1590,-4,-2.5,174
33,TWAP,600,1,-0.401125,-0.401667,1.97461,-241,-10.5,-10,500
33,VWAP,600,1,-1.38979,-1.39167,0.869978,-835,-2,0.5,445
33,POV(20%),600,1,0.108187,0.108333,0.732303,65,7.5,6,228
33,AC(kT=0.5),600,1,4.09947,4.105,1.83987,2463,8,9,500
33,AC(kT=2.0),600,1,-0.0882142,-0.0883333,1.00251,-53,-1.5,-3.5,444
33,AC(kT=5.0),600,1,0.42942,0.43,1.35547,258,-2,0.5,279
33,AC(kT=10.0),600,1,1.28993,1.29167,-0.886067,775,3.5,4.5,174
34,TWAP,600,1,13.2744,13.2783,1.98864,7967,19.5,21,500
34,VWAP,600,1,5.85491,5.85667,1.16318,3514,3,4.5,445
34,POV(20%),600,1,8.96731,8.97,0.899773,5382,16.5,23.5,233
34,AC(kT=0.5),600,1,3.19071,3.19167,0.590804,1915,3,-4,500
34,AC(kT=2.0),600,1,3.51228,3.51333,1.37543,2108,-0.5,-3.5,444
34,AC(kT=5.0),600,1,6.79296,6.795,-3.07376,4077,19,27,279
34,AC(kT=10.0),600,1,6.82962,6.83167,1.22802,4099,7,7,174
35,TWAP,600,1,5.67939,5.68167,1.6988,3409,8,12,500
35,VWAP,600,1,-0.281554,-0.281667,1.03046,-169,-4.5,-7,445
35,POV(20%),600,1,0.709716,0.71,1.21039,426,-2,-4,231
35,AC(kT=0.5),600,1,3.99507,3.99667,1.90822,2398,-2,-1.5,500
35,AC(kT=2.0),600,1,6.01093,6.01333,-0.630712,3608,20,21.5,444
35,AC(kT=5.0),600,1,2.09416,2.095,3.44064,1257,-6.5,0,279
35,AC(kT=10.0),600,1,4.3316,4.33333,1.25771,2600,3.5,6,174
36,TWAP,600,1,9.21287,9.21333,3.16751,5528,12,22,500
36,VWAP,600,1,11.5778,11.5783,1.14272,6947,19.5,19,445
36,POV(20%),600,1,10.9211,10.9217,0.712317,6553,16,13.5,225
36,AC(kT=0.5),600,1,0.0899955,0.09,-0.0398833,54,-3.5,-9,500
36,AC(kT=2.0),600,1,6.77466,6.775,1.7936,4065,-1,-8,444
36,AC(kT=5.0),600,1,4.20812,4.20833,-0.369002,2525,7.5,7.5,279
36,AC(kT=10.0),600,1,4.59977,4.6,-3.30757,2760,7,7.5,174
37,TWAP,600,1,-10.1612,-10.1617,-2.07381,-6097,-17.5,-17.5,500
37,VWAP,600,1,1.90657,1.90667,0.965164,1144,4,6,445
37,POV(20%),600,1,-0.264987,-0.265,0.795629,-159,5,5.5,208
37,AC(kT=0.5),600,1,-5.27974,-5.28,-0.556033,-3168,-5.5,-6.5,500
37,AC(kT=2.0),600,1,-1.15328,-1.15333,0.679194,-692,-2.5,-1,444
37,AC(kT=5.0),600,1,0.864957,0.865,3.73319,519,-6.5,0.5,279
37,AC(kT=10.0),600,1,3.94647,3.94667,0.632624,2368,3.5,4,174
38,TWAP,600,1,7.63882,7.635,2.25787,4581,7,7.5,500
38,VWAP,600,1,5.53443,5.53167,1.07664,3319,8,11.5,445
38,POV(20%),600,1,6.34651,6.34333,-0.766997,3806,21.5,24,218
38,AC(kT=0.5),600,1,6.16141,6.15833,2.08746,3695,4,4.5,500
38,AC(kT=2.0),600,1,5.49275,5.49,-0.298714,3294,17.5,17,444
38,AC(kT=5.0),600,1,3.85026,3.84833,0.912763,2309,2,5,279
38,AC(kT=10.0),600,1,3.68017,3.67833,-2.33264,2207,5.5,-0.5,174
39,TWAP,600,1,11.3512,11.345,1.86634,6807,19.5,19,500
39,VWAP,600,1,9.24675,9.24167,1.10216,5545,11.5,17.5,445
39,POV(20%),600,1,-3.5753,-3.57333,2.95618,-2144,-10.5,-15.5,206
39,AC(kT=0.5),600,1,6.662,6.65833,2.18433,3995,17.5,16.5,500
39,AC(kT=2.0),600,1,9.26009,9.255,-0.306701,5553,23,25.5,444
39,AC(kT=5.0),600,1,3.57196,3.57,-0.878718,2142,3.5,1,279
39,AC(kT=10.0),600,1,5.13783,5.135,-0.168034,3081,3.5,-1.5,174
40,TWAP,600,1,-3.91981,-3.92333,2.35898,-2354,-19.5,-23.5,500
40,VWAP,600,1,-0.925833,-0.926667,1.00456,-556,-4,-3,445
40,POV(20%),530,0.883333,3.85986,3.86333,1.14303,1898,6,3.5,218
40,AC(kT=0.5),600,1,-1.35878,-1.36,0.697067,-816,-3,-6,500
40,AC(kT=2.0),600,1,0.417957,0.418333,0.921824,251,-1,-6,444
40,AC(kT=5.0),600,1,2.34456,2.34667,-2.3935,1408,8.5,10,279
40,AC(kT=10.0),600,1,2.22966,2.23167,4.56718,1339,-9.5,-8,174
41,TWAP,600,1,-13.6542,-13.6467,-1.5616,-8188,-18.5,-21.5,500
41,VWAP,600,1,-2.87325,-2.87167,0.725444,-1723,-1.5,1,445
41,POV(20%),600,1,3.71538,3.71333,0.885664,2228,6.5,5.5,218
41,AC(kT=0.5),600,1,-16.349,-16.34,-2.13325,-9804,-20,-4.5,500
41,AC(kT=2.0),600,1,0.733737,0.733333,-0.198401,440,10.5,15.5,444
41,AC(kT=5.0),600,1,-0.660363,-0.66,4.8304,-396,-11.5,-21,279
41,AC(kT=10.0),600,1,-3.6937,-3.69167,2.74507,-2215,-5,-4,174
42,TWAP,600,1,9.70091,9.70333,1.32784,5822,18,21,500
42,VWAP,600,1,1.21803,1.21833,0.89189,731,-0.5,-2,445
42,POV(20%),600,1,11.6821,11.685,0.625412,7011,24,25.5,225
42,AC(kT=0.5),600,1,9.29434,9.29667,1.79526,5578,9.5,8,500
42,AC(kT=2.0),600,1,8.56619,8.56833,-1.49984,5141,19,19.5,444
42,AC(kT=5.0),600,1,9.31434,9.31667,-1.47636,5590,11,4,279
42,AC(kT=10.0),600,1,7.13822,7.14,2.77452,4284,1,-3.5,174
43,TWAP,600,1,5.22667,5.22667,0.586226,3136,11,8.5,500
43,VWAP,600,1,2.56333,2.56333,0.794291,1538,1,3,445
43,POV(20%),555,0.925,6.10583,6.10583,1.05921,3146,11.5,7.5,218
43,AC(kT=0.5),600,1,3.45667,3.45667,0.730434,2074,9.5,8,500
43,AC(kT=2.0),600,1,-0.21,-0.21,1.6823,-126,-5.5,-5.5,444
43,AC(kT=5.0),600,1,5.34,5.34,-2.0482,3204,14,15.5,279
43,AC(kT=10.0),600,1,5.665,5.665,1.69362,3399,-2.5,1.5,174
44,TWAP,600,1,4.31657,4.31333,2.03065,2588,3.5,9,500
44,VWAP,600,1,3.86457,3.86167,0.844092,2317,3,-2,445
44,POV(20%),600,1,2.61696,2.615,1.30236,1569,4,8,230
44,AC(kT=0.5),600,1,1.6012,1.6,1.53938,960,3.5,3,500
44,AC(kT=2.0),600,1,2.77708,2.775,0.481654,1665,3.5,1,444
44,AC(kT=5.0),600,1,2.29172,2.29,-1.1902,1374,9,10,279
44,AC(kT=10.0),600,1,2.01818,2.01667,-1.72036,1210,9.5,8,174
45,TWAP,600,1,15.7,15.7,2.17414,9420,22,23.5,500
45,VWAP,600,1,9.47333,9.47333,0.760921,5684,16,16,445
45,POV(20%),600,1,7.58667,7.58667,1.25001,4552,4.5,8.5,224
45,AC(kT=0.5),600,1,1.73167,1.73167,-0.107293,1039,4,4,500
45,AC(kT=2.0),600,1,3.13167,3.13167,2.6532,1879,-13,-7,444
45,AC(kT=5.0),600,1,4.76167,4.76167,4.96289,2857,-5.5,-7.5,279
45,AC(kT=10.0),600,1,6.30833,6.30833,6.54689,3785,-16,-17.5,174
46,TWAP,600,1,15.5447,15.5283,1.07002,9317,32.5,30.5,500
46,VWAP,600,1,4.05926,4.055,1.01926,2433,4.5,2,445
46,POV(20%),600,1,5.10536,5.1,1.88989,3060,-1,-1,236
46,AC(kT=0.5),600,1,10.5561,10.545,1.21701,6327,19,23.5,500
46,AC(kT=2.0),600,1,2.04882,2.04667,-0.414776,1228,11.5,10,444
46,AC(kT=5.0),600,1,2.88803,2.885,-1.06369,1731,6.5,5.5,279
46,AC(kT=10.0),600,1,3.19168,3.18833,-3.12401,1913,16,14.5,174
47,TWAP,600,1,2.0824,2.08333,0.884772,1250,-4.5,-0.5,500
47,VWAP,600,1,15.8445,15.8517,0.735477,9511,19.5,25,445
47,POV(20%),600,1,14.1919,14.1983,0.759547,8519,27,28,235
47,AC(kT=0.5),600,1,8.39289,8.39667,1.83317,5038,11,10.5,500
47,AC(kT=2.0),600,1,3.96988,3.97167,3.47626,2383,-7,-9.5,445
47,AC(kT=5.0),600,1,7.15845,7.16167,-0.956058,4297,8.5,5,279
47,AC(kT=10.0),600,1,8.93598,8.94,-10.1378,5364,25.5,29,174
48,TWAP,600,1,-2.23457,-2.23167,0.170493,-1339,-3,-3.5,500
48,VWAP,600,1,17.688,17.665,1.1851,10599,29,28,445
48,POV(20%),600,1,8.88989,8.87833,1.0838,5327,6,17.5,223
48,AC(kT=0.5),600,1,-5.67404,-5.66667,-0.173622,-3400,-11,-6.5,500
48,AC(kT=2.0),600,1,5.97443,5.96667,0.832655,3580,5,6,444
48,AC(kT=5.0),600,1,7.81683,7.80667,-4.70527,4684,20.5,16.5,279
48,AC(kT=10.0),600,1,5.20677,5.2,0.87795,3120,7,5.5,174
49,TWAP,600,1,5.77816,5.76833,2.10789,3461,-6,-5,500
49,VWAP,600,1,6.71308,6.70167,0.92355,4021,6,11,445
49,POV(20%),573,0.955,7.67137,7.65833,1.12499,4244,13,13,230
49,AC(kT=0.5),600,1,15.3745,15.3483,1.74704,9209,25.5,25.5,500
49,AC(kT=2.0),600,1,6.04027,6.03,0.785272,3618,8.5,9,444
49,AC(kT=5.0),600,1,9.23403,9.21833,-6.48996,5531,31,25,279
49,AC(kT=10.0),600,1,8.14384,8.13,-2.72569,4878,11.5,11.5,174
50,TWAP,600,1,7.71923,7.72,1.71763,4632,11.5,8,500
50,VWAP,600,1,5.73943,5.74,0.514507,3444,11,14,445
50,POV(20%),600,1,6.9593,6.96,1.16218,4176,12.5,15.5,227
50,AC(kT=0.5),600,1,10.1073,10.1083,1.51604,6065,19.5,27,500
50,AC(kT=2.0),600,1,6.07606,6.07667,-0.615307,3646,5.5,7.5,444
50,AC(kT=5.0),600,1,4.22291,4.22333,0.0347394,2534,6.5,5.5,279
50,AC(kT=10.0),600,1,5.02616,5.02667,-5.16328,3016,15,18,174
51,TWAP,600,1,-11.631,-11.6333,-0.37159,-6980,-14,-12.5,500
51,VWAP,600,1,2.67113,2.67167,1.95709,1603,3.5,5.5,445
51,POV(20%),600,1,-5.51556,-5.51667,2.2871,-3310,-14,-14,202
51,AC(kT=0.5),600,1,-14.777,-14.78,-0.52203,-8868,-17.5,-19.5,500
51,AC(kT=2.0),600,1,9.8297,9.83167,2.058,5899,16.5,21,444
51,AC(kT=5.0),600,1,1.72965,1.73,-1.16044,1038,9,8,279
51,AC(kT=10.0),600,1,-0.0233287,-0.0233333,4.99153,-14,-6.5,-4.5,174
52,TWAP,600,1,3.96238,3.96,0.753412,2376,6.5,7.5,500
52,VWAP,600,1,3.41038,3.40833,0.838742,2045,5,-12.5,445
52,POV(20%),600,1,2.06624,2.065,2.22135,1239,-3,-5.5,201
52,AC(kT=0.5),600,1,3.90067,3.89833,0.838246,2339,9,9.5,500
52,AC(kT=2.0),600,1,3.08185,3.08,0.216065,1848,6,9.5,444
52,AC(kT=5.0),600,1,3.12854,3.12667,-1.1421,1876,8.5,3,279
52,AC(kT=10.0),600,1,4.07578,4.07333,0.694844,2444,2.5,1,174
53,TWAP,600,1,-0.0033295,-0.00333333,1.04264,-2,-2.5,11,500
53,VWAP,600,1,1.76297,1.765,0.888847,1059,3,0,445
53,POV(20%),592,0.986667,1.25023,1.25167,1.10429,711,5,5.5,236
53,AC(kT=0.5),600,1,-1.77463,-1.77667,0.210251,-1066,1.5,8,500
53,AC(kT=2.0),600,1,-2.96159,-2.965,1.32969,-1779,-5,-3,444
53,AC(kT=5.0),600,1,1.88783,1.89,0.856394,1134,1.5,-2,279
53,AC(kT=10.0),600,1,2.67859,2.68167,0.690793,1609,4,8,174
54,TWAP,600,1,-2.56987,-2.57,-0.672277,-1542,-6,-4,500
54,VWAP,600,1,0.949953,0.95,-0.332962,570,-1.5,-2,445
54,POV(20%),600,1,-4.20146,-4.20167,2.74944,-2521,-12,-9,209
54,AC(kT=0.5),600,1,-2.21989,-2.22,-0.86112,-1332,1.5,2,500
54,AC(kT=2.0),600,1,7.86961,7.87,2.54837,4722,1,-3,444
54,AC(kT=5.0),600,1,-2.0349,-2.035,2.43997,-1221,-4,-2.5,279
54,AC(kT=10.0),600,1,4.77476,4.775,-1.83872,2865,8,6.5,174
55,TWAP,600,1,-1.43731,-1.43667,1.39567,-862,-7.5,-10.5,500
55,VWAP,600,1,0.520234,0.52,1.59955,312,-1,-4,445
55,POV(20%),600,1,1.57071,1.57,1.57866,942,-2.5,-20.5,210
55,AC(kT=0.5),600,1,-3.91843,-3.91667,0.182379,-2350,-3.5,-5.5,500
55,AC(kT=2.0),600,1,-0.873727,-0.873333,0.944038,-524,-1.5,-6,444
55,AC(kT=5.0),600,1,1.55403,1.55333,3.43516,932,-9,-12,279
55,AC(kT=10.0),600,1,4.33028,4.32833,0.96169,2597,4.5,0,174
56,TWAP,600,1,14.5833,14.5833,2.91275,8750,17,21,500
56,VWAP,600,1,1.92333,1.92333,1.16831,1154,-2.5,3.5,445
56,POV(20%),600,1,4.98667,4.98667,1.71723,2992,-4,-0.5,240
56,AC(kT=0.5),600,1,3.32833,3.32833,1.26325,1997,2.5,-1,500
56,AC(kT=2.0),600,1,6.22667,6.22667,1.01649,3736,4,0,444
56,AC(kT=5.0),600,1,8.79167,8.79167,-2.32148,5275,19,22.5,279
56,AC(kT=10.0),600,1,6.37,6.37,-0.246058,3822,-0.5,1,174
57,TWAP,600,1,1.65959,1.66167,-0.370229,997,7.5,10,500
57,VWAP,600,1,4.32293,4.32833,0.755904,2597,5,4,445
57,POV(20%),600,1,1.04536,1.04667,1.11372,628,-0.5,-3,220
57,AC(kT=0.5),600,1,10.4935,10.5067,1.46407,6304,17,18,500
57,AC(kT=2.0),600,1,8.74407,8.755,1.52425,5253,4.5,5.5,444
57,AC(kT=5.0),600,1,6.25218,6.26,1.95983,3756,0.5,-4,279
57,AC(kT=10.0),600,1,6.51519,6.52333,-9.40506,3914,33,32,174
58,TWAP,600,1,1.91295,1.91333,0.744797,1148,10,-1,500
58,VWAP,600,1,-2.09625,-2.09667,0.111146,-1258,8,7.5,445
58,POV(20%),585,0.975,4.1575,4.15833,0.961867,2390,7,8,231
58,AC(kT=0.5),600,1,0.64987,0.65,0.896628,390,7,3.5,500
58,AC(kT=2.0),600,1,0.239952,0.24,1.2892,144,0.5,-3.5,444
58,AC(kT=5.0),600,1,4.38579,4.38667,-3.61258,2632,18,18.5,279
58,AC(kT=10.0),600,1,3.79924,3.8,-4.6931,2280,8,5,174
59,TWAP,600,1,1.25591,1.25667,0.770204,754,1,3,500
59,VWAP,600,1,5.19022,5.19333,1.21114,3116,6,4,445
59,POV(20%),600,1,5.00533,5.00833,0.668381,3005,6.5,0,210
59,AC(kT=0.5),600,1,5.8848,5.88833,0.930673,3533,17,14,500
59,AC(kT=2.0),600,1,6.80592,6.81,1.42229,4086,7,8.5,444
59,AC(kT=5.0),600,1,4.91705,4.92,-5.24012,2952,16,10.5,281
59,AC(kT=10.0),600,1,4.25078,4.25333,-6.21199,2552,24,24,174
60,TWAP,600,1,3.47156,3.47,1.28787,2082,4,1.5,500
60,VWAP,600,1,10.8632,10.8583,0.629673,6515,7.5,6.5,445
60,POV(20%),600,1,5.11063,5.10833,1.29664,3065,3.5,0,227
60,AC(kT=0.5),600,1,-0.11005,-0.11,0.419507,-66,9,20,500
60,AC(kT=2.0),600,1,6.56462,6.56167,0.434059,3937,8,10.5,444
60,AC(kT=5.0),600,1,-2.98468,-2.98333,3.99887,-1790,-15.5,-18.5,279
60,AC(kT=10.0),600,1,-0.575259,-0.575,6.81159,-345,-17.5,-13.5,174
61,TWAP,600,1,3.7733,3.775,1.22072,2265,-9.5,-12,500
61,VWAP,600,1,16.4193,16.4267,1.67253,9856,32,30.5,445
61,POV(20%),600,1,9.0476,9.05167,0.850923,5431,12,13,227
61,AC(kT=0.5),600,1,12.3578,12.3633,1.93239,7418,13,11,500
61,AC(kT=2.0),600,1,15.618,15.625,0.260281,9375,21,21.5,444
61,AC(kT=5.0),600,1,10.0122,10.0167,-4.25614,6010,25,33,279
61,AC(kT=10.0),600,1,4.60126,4.60333,-1.72701,2762,12.5,14,174
62,TWAP,600,1,8.56619,8.56833,1.50814,5141,8.5,11,500
62,VWAP,600,1,5.05207,5.05333,1.42315,3032,10,15,445
62,POV(20%),575,0.958333,2.99925,3,1.17729,1862.5,-2.5,-4.5,225
62,AC(kT=0.5),600,1,-6.24677,-6.24833,-0.317103,-3749,-12.5,-6.5,500
62,AC(kT=2.0),600,1,-0.214946,-0.215,1.04512,-129,-2.5,-15.5,444
62,AC(kT=5.0),600,1,3.78572,3.78667,5.45612,2272,-9.5,-9.5,279
62,AC(kT=10.0),600,1,5.44864,5.45,-1.82887,3270,12,20,174
63,TWAP,600,1,-1.51652,-1.51667,0.673132,-910,-2.5,-3.5,500
63,VWAP,600,1,-0.361631,-0.361667,1.90742,-217,4.5,1.5,445
63,POV(20%),600,1,-2.85805,-2.85833,3.5056,-1715,-15,-21,220
63,AC(kT=0.5),600,1,9.07409,9.075,3.36281,5445,9.5,10.5,500
63,AC(kT=2.0),600,1,-7.00097,-7.00167,0.633473,-4201,-11,-9.5,444
63,AC(kT=5.0),600,1,3.84295,3.84333,-0.725204,2306,8,6,279
63,AC(kT=10.0),600,1,1.6265,1.62667,7.14473,976,-7.5,-10,174
64,TWAP,600,1,6.6987,6.69167,2.13401,4015,9.5,9,500
64,VWAP,600,1,-9.32479,-9.315,0.600501,-5589,-27,-29.5,445
64,POV(20%),600,1,4.56646,4.56167,1.10233,2737,12.5,16.5,249
64,AC(kT=0.5),600,1,8.0618,8.05333,1.54317,4832,22,21,500
64,AC(kT=2.0),600,1,-4.52141,-4.51667,1.81038,-2710,-8.5,-8.5,444
64,AC(kT=5.0),600,1,7.74647,7.73833,-2.89572,4643,15.5,17.5,279
64,AC(kT=10.0),600,1,5.0186,5.01333,2.61478,3008,-2.5,-1,174
65,TWAP,600,1,18.1446,18.18,3.47271,10908,26.5,25,500
65,VWAP,600,1,13.3024,13.3283,1.51214,7997,10.5,10.5,445
65,POV(20%),600,1,19.2358,19.2733,-0.146599,11564,24.5,22,199
65,AC(kT=0.5),600,1,7.09117,7.105,1.37525,4263,6.5,11,500
65,AC(kT=2.0),600,1,22.2666,22.31,1.42273,13386,37.5,34,444
65,AC(kT=5.0),600,1,3.49152,3.49833,1.16084,2099,1.5,0.5,279
65,AC(kT=10.0),600,1,14.2206,14.2483,-2.41518,8549,18.5,23,174
66,TWAP,600,1,5.91347,5.90667,2.46791,3544,5.5,7.5,500
66,VWAP,600,1,6.81784,6.81,1.13271,4086,13.5,11.5,445
66,POV(20%),600,1,1.53176,1.53,3.87644,918,-4.5,-3.5,201
66,AC(kT=0.5),600,1,9.90139,9.89,0.636399,5934,19,18,500
66,AC(kT=2.0),600,1,4.96237,4.95667,1.26202,2974,-1,-3.5,444
66,AC(kT=5.0),600,1,1.11128,1.11,-0.607494,666,8.5,13,279
66,AC(kT=10.0),600,1,2.54292,2.54,0.288888,1524,5.5,5.5,174
67,TWAP,600,1,11.364,11.36,2.18522,6816,11.5,8,500
67,VWAP,600,1,6.64232,6.64,0.939086,3984,4,-1.5,445
67,POV(20%),600,1,17.9263,17.92,-4.57162,10752,39.5,23,230
67,AC(kT=0.5),600,1,7.54597,7.54333,-0.621936,4526,22.5,20,500
67,AC(kT=2.0),600,1,8.19787,8.195,1.60471,4917,4,3.5,444
67,AC(kT=5.0),600,1,7.20252,7.2,-1.00717,4320,4,10.5,279
67,AC(kT=10.0),600,1,6.53562,6.53333,-6.17919,3920,23.5,21,174
68,TWAP,600,1,17.0235,17.0133,2.0584,10208,29,26.5,500
68,VWAP,600,1,5.75012,5.74667,1.16585,3448,3,5,445
68,POV(20%),580,0.966667,10.8148,10.8083,0.995521,6335,7.5,6.5,222
68,AC(kT=0.5),600,1,7.49116,7.48667,1.29097,4492,9,12,500
68,AC(kT=2.0),600,1,8.28831,8.28333,1.11887,4970,8.5,6.5,444
68,AC(kT=5.0),600,1,8.64685,8.64167,-1.97162,5185,15,14.5,279
68,AC(kT=10.0),600,1,8.08652,8.08167,-0.351993,4849,1.5,0,174
69,TWAP,600,1,1.10017,1.1,1.45495,660,-3.5,-3.5,500
69,VWAP,600,1,5.01575,5.015,0.873456,3009,11,11,445
69,POV(20%),600,1,4.8674,4.86667,0.85486,2920,6,2.5,232
69,AC(kT=0.5),600,1,0.701772,0.701667,1.71126,421,-1,-2,500
69,AC(kT=2.0),600,1,1.32687,1.32667,1.76926,796,-8,-10,444
69,AC(kT=5.0),600,1,-0.980147,-0.98,1.42936,-588,-1.5,-1,279
69,AC(kT=10.0),600,1,1.9953,1.995,-2.7949,1197,10,9.5,174
70,TWAP,600,1,-1.23315,-1.23333,0.523311,-740,6.5,9.5,500
70,VWAP,600,1,0.118316,0.118333,1.28768,71,6,6,445
70,POV(20%),600,1,3.66612,3.66667,0.718045,2200,8.5,7,228
70,AC(kT=0.5),600,1,-6.07742,-6.07833,0.413392,-3647,-15,-23,500
70,AC(kT=2.0),600,1,6.27073,6.27167,-0.906208,3763,18,17,444
70,AC(kT=5.0),600,1,2.30299,2.30333,-4.53209,1382,14,16,279
70,AC(kT=10.0),600,1,3.17952,3.18,1.45506,1908,9,3,174
71,TWAP,600,1,-1.05664,-1.055,1.394,-633,-4,-8,500
71,VWAP,600,1,4.32003,4.31333,1.13394,2588,9,11,445
71,POV(20%),600,1,2.83105,2.82667,1.83898,1696,-4.5,-6,227
71,AC(kT=0.5),600,1,-1.34876,-1.34667,1.84412,-808,-9.5,-12,500
71,AC(kT=2.0),600,1,4.36677,4.36,1.54776,2616,2.5,4.5,444
71,AC(kT=5.0),600,1,1.9981,1.995,3.55243,1197,-21,-21,279
71,AC(kT=10.0),600,1,2.46048,2.45667,2.46913,1474,-2,-2.5,174
72,TWAP,600,1,-3.98475,-3.98833,-0.186982,-2393,1,-1.5,500
72,VWAP,600,1,-4.95887,-4.96333,0.933063,-2978,-5,2,445
72,POV(20%),600,1,-1.83502,-1.83667,1.2184,-1102,-1,2.5,223
72,AC(kT=0.5),600,1,-5.54168,-5.54667,-0.12532,-3328,-3,-8,500
72,AC(kT=2.0),600,1,-3.37197,-3.375,1.00745,-2025,-3,-6,444
72,AC(kT=5.0),600,1,4.17291,4.17667,-2.3332,2506,7,-1,279
72,AC(kT=10.0),600,1,3.40527,3.40833,-2.85678,2045,5.5,5,174
73,TWAP,600,1,-1.52394,-1.52333,-0.397605,-914,8.5,12.5,500
73,VWAP,600,1,8.2433,8.24,-0.618821,4944,22.5,24,445
73,POV(20%),600,1,5.95572,5.95333,0.581927,3572,12,16,206
73,AC(kT=0.5),600,1,3.62145,3.62,1.44708,2172,5,3.5,500
73,AC(kT=2.0),600,1,5.57223,5.57,0.628169,3342,11.5,11.5,444
73,AC(kT=5.0),600,1,4.20502,4.20333,-1.21157,2522,9.5,9.5,279
73,AC(kT=10.0),600,1,3.89823,3.89667,0.324249,2338,4.5,3.5,174
74,TWAP,600,1,9.09303,9.09167,2.77399,5455,5,5,500
74,VWAP,600,1,0.673434,0.673333,0.427108,404,-3,0,445
74,POV(20%),600,1,4.81572,4.815,1.76063,2889,-3,-6,233
74,AC(kT=0.5),600,1,11.9401,11.9383,2.15221,7163,30,29.5,500
74,AC(kT=2.0),600,1,11.5634,11.5617,-1.16092,6937,29.5,29.5,444
74,AC(kT=5.0),600,1,4.86406,4.86333,-1.67736,2918,12,13,279
74,AC(kT=10.0),600,1,4.34899,4.34833,-6.70792,2609,16.5,18,174
75,TWAP,600,1,12.8645,12.86,2.43852,7716,7.5,1.5,500
75,VWAP,600,1,1.4305,1.43,-0.241044,858,1.5,2,445
75,POV(20%),600,1,7.7177,7.715,1.18819,4629,5.5,5.5,208
75,AC(kT=0.5),600,1,9.99516,9.99167,1.75618,5995,6.5,7,500
75,AC(kT=2.0),600,1,1.43217,1.43167,-0.0686866,859,-4,-1.5,444
75,AC(kT=5.0),600,1,9.65505,9.65167,-1.17844,5791,14,16,279
75,AC(kT=10.0),600,1,8.41128,8.40833,-0.886214,5045,3.5,2,174
76,TWAP,600,1,-8.13804,-8.14333,-0.175472,-4886,-9.5,-6,500
76,VWAP,600,1,4.48042,4.48333,1.96353,2690,8.5,8.5,445
76,POV(20%),600,1,0.946052,0.946667,-0.867743,568,11,8,213
76,AC(kT=0.5),600,1,6.35753,6.36167,1.80397,3817,19.5,18,500
76,AC(kT=2.0),600,1,4.44045,4.44333,-0.113588,2666,18.5,17.5,444
76,AC(kT=5.0),600,1,-1.17091,-1.17167,2.67653,-703,-8.5,-3.5,279
76,AC(kT=10.0),600,1,1.91042,1.91167,-2.94461,1147,6,11.5,174
77,TWAP,600,1,8.02528,8.02167,1.59112,4813,10.5,13.5,500
77,VWAP,600,1,4.99058,4.98833,0.841804,2993,10,9,445
77,POV(20%),600,1,6.3812,6.37833,1.12461,3827,6,4,234
77,AC(kT=0.5),600,1,7.97025,7.96667,1.64459,4780,9.5,7.5,500
77,AC(kT=2.0),600,1,7.57341,7.57,0.0825324,4542,16.5,14.5,444
77,AC(kT=5.0),600,1,4.5904,4.58833,2.64867,2753,-3.5,-6,279
77,AC(kT=10.0),600,1,5.77593,5.77333,2.0404,3464,-5.5,-3,174
78,TWAP,600,1,3.11347,3.10833,0.983084,1865,1,3,500
78,VWAP,600,1,13.0899,13.0683,0.439652,7841,16.5,13,445
78,POV(20%),600,1,9.22522,9.21,0.880397,5526,11,7,217
78,AC(kT=0.5),600,1,11.4405,11.4217,1.85586,6853,9.5,5,500
78,AC(kT=2.0),600,1,4.41061,4.40333,0.5998,2642,7.5,9,444
78,AC(kT=5.0),600,1,12.0165,11.9967,-3.80707,7198,16.5,19.5,279
78,AC(kT=10.0),600,1,11.3571,11.3383,-8.03945,6803,16,20,174
79,TWAP,600,1,-1.03589,-1.03667,0.585774,-622,-0.5,-1,500
79,VWAP,600,1,-7.44608,-7.45167,1.95115,-4471,-7.5,-10,445
79,POV(20%),600,1,-5.18944,-5.19333,1.17351,-3116,-4.5,-5,230
79,AC(kT=0.5),600,1,-0.990923,-0.991667,0.624207,-595,-0.5,-1,500
79,AC(kT=2.0),600,1,-5.86227,-5.86667,0.588937,-3520,-7.5,-8,444
79,AC(kT=5.0),600,1,-2.02182,-2.02333,7.93012,-1214,-23.5,-23.5,279
79,AC(kT=10.0),600,1,2.60638,2.60833,-2.43987,1565,4.5,7.5,174
80,TWAP,600,1,-0.950143,-0.95,1.8096,-570,-3.5,-5,500
80,VWAP,600,1,-2.53038,-2.53,1.14102,-1518,-9.5,-14,445
80,POV(20%),600,1,8.28124,8.28,0.245163,4968,17.5,21.5,221
80,AC(kT=0.5),600,1,-2.74875,-2.74833,1.13949,-1649,-5,-7,500
80,AC(kT=2.0),600,1,-0.138354,-0.138333,0.31438,-83,4,3,444
80,AC(kT=5.0),600,1,4.37732,4.37667,-1.45182,2626,11,9.5,279
80,AC(kT=10.0),600,1,1.34187,1.34167,1.11781,805,-2.5,-0.5,174
81,TWAP,600,1,-0.0283234,-0.0283333,0.555468,-17,-3.5,-1.5,500
81,VWAP,600,1,1.4345,1.435,1.06712,861,-3.5,-10.5,445
81,POV(20%),600,1,1.94432,1.945,1.3678,1167,-1,-6,228
81,AC(kT=0.5),600,1,10.5147,10.5183,1.30083,6311,19,18,500
81,AC(kT=2.0),600,1,5.5164,5.51833,1.10116,3311,1,-3,444
81,AC(kT=5.0),600,1,6.04455,6.04667,-2.54172,3628,10,4.5,279
81,AC(kT=10.0),600,1,5.39644,5.39833,1.26758,3239,3.5,3,174
82,TWAP,600,1,7.45629,7.45667,1.446,4474,6.5,10.5,500
82,VWAP,600,1,-0.739963,-0.74,1.08253,-444,-9,-6,445
82,POV(20%),600,1,4.97975,4.98,0.739467,2988,14,15.5,234
82,AC(kT=0.5),600,1,0.464977,0.465,0.166307,279,3.5,-1,500
82,AC(kT=2.0),600,1,1.93324,1.93333,0.792916,1160,-3,-4.5,444
82,AC(kT=5.0),600,1,2.36322,2.36333,0.0438871,1418,5.5,5,279
82,AC(kT=10.0),600,1,3.48149,3.48167,2.22791,2089,-4,-9,174
83,TWAP,600,1,20.6181,20.5933,0.917722,12356,53,56,500
83,VWAP,600,1,8.40008,8.39,1.08322,5034,14.5,20.5,445
83,POV(20%),600,1,6.81651,6.80833,1.34842,4085,6,8,214
83,AC(kT=0.5),600,1,8.0313,8.02167,2.30858,4813,15.5,16,500
83,AC(kT=2.0),600,1,8.45181,8.44167,0.747498,5065,15.5,16.5,444
83,AC(kT=5.0),600,1,5.89541,5.88833,-2.44487,3533,14.5,21.5,279
83,AC(kT=10.0),600,1,4.51876,4.51333,-4.28397,2708,10.5,12.5,174
84,TWAP,600,1,10.1365,10.14,2.39679,6084,6.5,10,500
84,VWAP,600,1,13.0654,13.07,2.05926,7842,18.5,19.5,445
84,POV(20%),600,1,16.3776,16.3833,-1.21627,9830,27,25.5,203
84,AC(kT=0.5),600,1,7.85392,7.85667,1.06991,4714,11,11.5,500
84,AC(kT=2.0),600,1,15.1697,15.175,1.77776,9105,18,18,444
84,AC(kT=5.0),600,1,11.9591,11.9633,-0.234638,7178,8.5,7,279
84,AC(kT=10.0),600,1,7.24413,7.24667,11.3814,4348,-18,-17,174
85,TWAP,600,1,2.52182,2.52333,1.29214,1514,7,5,500
85,VWAP,600,1,-0.113265,-0.113333,0.99295,-68,2,4,445
85,POV(20%),600,1,-1.21427,-1.215,1.2641,-729,-3.5,-7,248
85,AC(kT=0.5),600,1,-5.83483,-5.83833,-0.313983,-3503,-3,-4.5,500
85,AC(kT=2.0),600,1,-0.223199,-0.223333,0.233699,-134,7.5,11.5,444
85,AC(kT=5.0),600,1,0.0383103,0.0383333,2.80622,23,-7.5,-11.5,279
85,AC(kT=10.0),600,1,1.81558,1.81667,-1.03251,1090,13,11,174
86,TWAP,600,1,2.86543,2.865,-1.59423,1719,6,4,500
86,VWAP,600,1,1.39521,1.395,0.939282,837,-1.5,8.5,445
86,POV(20%),600,1,0.77845,0.778333,0.780022,467,5,3.5,234
86,AC(kT=0.5),600,1,2.14032,2.14,0.82072,1284,8.5,16,500
86,AC(kT=2.0),600,1,3.63054,3.63,1.2215,2178,-2,-6,444
86,AC(kT=5.0),600,1,3.0938,3.09333,-0.517536,1856,7,4.5,279
86,AC(kT=10.0),600,1,3.98393,3.98333,2.21488,2390,0,-0.5,174
87,TWAP,600,1,-1.48256,-1.48167,0.883453,-889,-3,-0.5,500
87,VWAP,600,1,-3.29531,-3.29333,0.939783,-1976,6.5,8,445
87,POV(20%),600,1,-2.20799,-2.20667,0.369503,-1324,2,2.5,204
87,AC(kT=0.5),600,1,1.47088,1.47,0.95437,882,6.5,-0.5,500
87,AC(kT=2.0),600,1,-1.58262,-1.58167,1.93674,-949,-6,-6.5,444
87,AC(kT=5.0),600,1,-1.31912,-1.31833,7.02235,-791,-20.5,-21,279
87,AC(kT=10.0),600,1,4.36929,4.36667,-1.98597,2620,5.5,6,174
88,TWAP,600,1,7.87842,7.88,1.93656,4728,12,15.5,500
88,VWAP,600,1,7.86009,7.86167,0.557887,4717,11.5,17.5,445
88,POV(20%),593,0.988333,5.3156,5.31667,1.13165,3148,6,7.5,240
88,AC(kT=0.5),600,1,6.682,6.68333,1.3841,4010,8,7,500
88,AC(kT=2.0),600,1,4.34246,4.34333,1.45079,2606,2.5,6.5,444
88,AC(kT=5.0),600,1,3.82923,3.83,-0.246947,2298,10.5,7,279
88,AC(kT=10.0),600,1,3.92255,3.92333,1.76869,2354,-0.5,5,174
89,TWAP,600,1,-1.64833,-1.64833,0.443551,-989,-0.5,3,500
89,VWAP,600,1,14.26,14.26,2.02109,8556,15.5,16.5,445
89,POV(20%),600,1,8.45167,8.45167,1.00496,5071,10.5,2,223
89,AC(kT=0.5),600,1,12.9883,12.9883,2.96638,7793,15,13.5,500
89,AC(kT=2.0),600,1,16.3533,16.3533,2.1718,9812,19.5,15.5,444
89,AC(kT=5.0),600,1,6.59667,6.59667,-0.731639,3958,10.5,5.5,279
89,AC(kT=10.0),600,1,5.52167,5.52167,0.132592,3313,0,-3.5,174
90,TWAP,600,1,0.163431,0.163333,0.246128,98,1.5,1.5,500
90,VWAP,600,1,-0.803816,-0.803333,1.32274,-482,-1,-0.5,445
90,POV(20%),600,1,1.05063,1.05,0.0716096,630,9,17.5,219
90,AC(kT=0.5),600,1,-1.13902,-1.13833,1.12907,-683,-9.5,-9,500
90,AC(kT=2.0),600,1,-1.24742,-1.24667,0.789398,-748,1.5,1,444
90,AC(kT=5.0),600,1,0.815489,0.815,1.18938,489,5.5,9.5,279
90,AC(kT=10.0),600,1,4.09412,4.09167,-1.508,2455,14,15,174
91,TWAP,600,1,-0.993907,-0.995,1.06775,-597,-13.5,-14,500
91,VWAP,600,1,-0.421203,-0.421667,1.23619,-253,2,7,445
91,POV(20%),600,1,-1.80968,-1.81167,2.18955,-1087,-19.5,-22.5,238
91,AC(kT=0.5),600,1,1.17537,1.17667,0.420359,706,2.5,2,500
91,AC(kT=2.0),600,1,-11.9202,-11.9333,5.3643,-7160,-29.5,-28,444
91,AC(kT=5.0),600,1,-1.72976,-1.73167,5.83281,-1039,-11.5,-11,279
91,AC(kT=10.0),600,1,3.22812,3.23167,1.47572,1939,9,11,174
92,TWAP,600,1,18.4221,18.435,3.68251,11061,26,33,500
92,VWAP,600,1,13.9652,13.975,1.78293,8385,18,18,445
92,POV(20%),600,1,15.8073,15.8183,-1.15507,9491,28,27,209
92,AC(kT=0.5),600,1,12.1715,12.18,1.28416,7308,19,20.5,500
92,AC(kT=2.0),600,1,16.0538,16.065,2.02756,9639,20,22,444
92,AC(kT=5.0),600,1,11.3537,11.3617,-1.13097,6817,19.5,23.5,279
92,AC(kT=10.0),600,1,3.7124,3.715,-2.0796,2229,14.5,16,174
93,TWAP,600,1,15.2279,15.1883,2.99467,9113,14,14,500
93,VWAP,600,1,10.6293,10.6017,1.37772,6361,14,12.5,445
93,POV(20%),600,1,7.72341,7.70333,0.935723,4622,11.5,14.5,220
93,AC(kT=0.5),600,1,10.0662,10.04,1.12295,6024,21.5,22,500
93,AC(kT=2.0),600,1,10.0328,10.0067,2.33296,6004,6.5,6,444
93,AC(kT=5.0),600,1,3.91685,3.90667,3.74748,2344,-5,-6,279
93,AC(kT=10.0),600,1,5.51768,5.50333,-8.74796,3302,27,26.5,174
94,TWAP,600,1,-1.3284,-1.32833,4.06502,-797,2,4,500
94,VWAP,600,1,-12.9573,-12.9567,0.45027,-7774,-19.5,-18,445
94,POV(20%),600,1,-8.92378,-8.92333,1.14633,-5354,-6.5,-20,197
94,AC(kT=0.5),600,1,-11.5022,-11.5017,-0.696227,-6901,4,7,500
94,AC(kT=2.0),600,1,-7.76539,-7.765,0.490633,-4659,2,3,444
94,AC(kT=5.0),600,1,3.3235,3.32333,-2.08648,1994,7,5,279
94,AC(kT=10.0),600,1,-1.62175,-1.62167,7.13385,-973,-17.5,-22,174
95,TWAP,600,1,-1.50894,-1.51,0.266846,-906,-7,-7,500
95,VWAP,600,1,4.37694,4.38,1.51072,2628,13,11,445
95,POV(20%),600,1,3.27437,3.27667,0.490857,1966,4,2,209
95,AC(kT=0.5),600,1,0.241498,0.241667,1.12917,145,-1.5,-5,500
95,AC(kT=2.0),600,1,0.504647,0.505,2.00141,303,-13,-23,444
95,AC(kT=5.0),600,1,2.71976,2.72167,2.47653,1633,-0.5,0,279
95,AC(kT=10.0),600,1,4.41191,4.415,3.69686,2649,-2,-3.5,174
96,TWAP,600,1,3.6295,3.62333,1.06956,2174,2,-1.5,500
96,VWAP,600,1,6.28068,6.27,1.17361,3762,7,12,445
96,POV(20%),600,1,11.391,11.3717,-2.19879,6823,14.5,13.5,219
96,AC(kT=0.5),600,1,23.1978,23.1583,4.39196,13895,34.5,42,500
96,AC(kT=2.0),600,1,10.568,10.55,1.55883,6330,6,1.5,444
96,AC(kT=5.0),600,1,9.66309,9.64667,-0.346173,5788,9,10,279
96,AC(kT=10.0),600,1,5.7264,5.71667,1.46837,3430,1,3,174
97,TWAP,600,1,-8.5456,-8.53833,-0.0871802,-5123,-16,-17,500
97,VWAP,600,1,-0.263557,-0.263333,1.48764,-158,9.5,6,445
97,POV(20%),600,1,-2.73399,-2.73167,1.86055,-1639,-9,-9,214
97,AC(kT=0.5),600,1,1.4062,1.405,1.78167,843,4.5,6.5,500
97,AC(kT=2.0),600,1,-0.216851,-0.216667,-0.289142,-130,12,12,444
97,AC(kT=5.0),600,1,0.733957,0.733333,0.945768,440,0.5,2.5,279
97,AC(kT=10.0),600,1,3.45627,3.45333,-1.61224,2072,9,6,174
98,TWAP,600,1,1.04652,1.045,2.56794,627,1,-3,500
98,VWAP,600,1,-8.68259,-8.67,0.975212,-5202,-15,-10.5,445
98,POV(20%),600,1,-0.355515,-0.355,2.05877,-213,-3,-4,212
98,AC(kT=0.5),600,1,-3.52177,-3.51667,1.30123,-2110,-11,-10.5,500
98,AC(kT=2.0),600,1,-0.569159,-0.568333,1.7496,-341,8,3.5,444
98,AC(kT=5.0),600,1,-6.54616,-6.53667,6.83398,-3922,-20.5,-16.5,279
98,AC(kT=10.0),600,1,-3.45835,-3.45333,2.01855,-2072,0.5,-5,174
99,TWAP,600,1,1.97914,1.97667,1.30437,1186,0.5,2,500
99,VWAP,600,1,7.84481,7.835,0.890116,4701,18,15.5,445
99,POV(20%),600,1,5.9491,5.94167,1.00249,3565,12,12.5,231
99,AC(kT=0.5),600,1,6.33125,6.32333,1.63063,3794,13.5,17,500
99,AC(kT=2.0),600,1,-0.118481,-0.118333,3.61577,-71,-8,17.5,444
99,AC(kT=5.0),600,1,3.65957,3.655,-0.303298,2193,4.5,3.5,279
99,AC(kT=10.0),600,1,2.99207,2.98833,-3.43111,1793,12.5,12,174
100,TWAP,600,1,1.77647,1.77833,2.03399,1067,-5.5,-9.5,500
100,VWAP,600,1,-3.53462,-3.53833,0.956659,-2123,-6.5,-8.5,445
100,POV(20%),600,1,-0.889066,-0.89,1.117,-534,1,1,234
100,AC(kT=0.5),600,1,5.39434,5.4,1.37963,3240,12.5,16,500
100,AC(kT=2.0),600,1,0.447863,0.448333,-0.425533,269,7.5,4.5,444
100,AC(kT=5.0),600,1,0.492816,0.493333,3.60438,296,-5.5,-8,279
100,AC(kT=10.0),600,1,2.61059,2.61333,1.6522,1568,3,3.5,174
101,TWAP,600,1,8.27586,8.28,1.67585,4968,17,18,500
101,VWAP,600,1,-0.826254,-0.826667,0.967282,-496,4.5,5,445
101,POV(20%),600,1,4.17291,4.175,1.27691,2505,4.5,7.5,239
101,AC(kT=0.5),600,1,0.521406,0.521667,1.56794,313,-7.5,-10,500
101,AC(kT=2.0),600,1,-1.48259,-1.48333,1.18516,-890,-4.5,-8,444
101,AC(kT=5.0),600,1,5.50725,5.51,-1.34769,3306,0.5,-3.5,279
101,AC(kT=10.0),600,1,4.34616,4.34833,-1.24795,2609,-0.5,2.5,174
102,TWAP,600,1,6.07289,6.065,1.28478,3639,11.5,15,500
102,VWAP,600,1,1.21324,1.21167,0.995089,727,3,4,445
102,POV(20%),568,0.946667,6.62695,6.61833,1.03943,3683,9,16,230
102,AC(kT=0.5),600,1,6.11462,6.10667,0.90415,3664,14.5,16,500
102,AC(kT=2.0),600,1,1.81569,1.81333,1.09638,1088,1,-1,444
102,AC(kT=5.0),600,1,2.40146,2.39833,-0.582404,1439,7.5,19,279
102,AC(kT=10.0),600,1,3.4595,3.455,2.77686,2073,-5,-12,174
103,TWAP,600,1,19.1206,19.09,4.47132,11454,30.5,28,500
103,VWAP,600,1,10.4367,10.42,1.30384,6252,16.5,16.5,445
103,POV(20%),600,1,12.056,12.0367,1.03677,7222,16,15,225
103,AC(kT=0.5),600,1,7.85089,7.83833,1.60182,4703,7.5,10,500
103,AC(kT=2.0),600,1,9.55028,9.535,-0.244147,5721,24.5,22.5,444
103,AC(kT=5.0),600,1,4.69585,4.68833,3.84839,2813,-8,-10,279
103,AC(kT=10.0),600,1,5.62567,5.61667,-2.73959,3370,8,7.5,174
104,TWAP,600,1,-0.0383698,-0.0383333,2.1424,-23,-9,-12.5,500
104,VWAP,600,1,-6.88321,-6.87667,0.877306,-4126,-11,-11,445
104,POV(20%),600,1,-7.36867,-7.36167,-0.275277,-4417,3.5,3.5,206
104,AC(kT=0.5),600,1,-0.714012,-0.713333,0.952943,-428,0.5,-1.5,500
104,AC(kT=2.0),600,1,-1.71997,-1.71833,-0.327835,-1031,9,8,444
104,AC(kT=5.0),600,1,0.101763,0.101667,-3.00991,61,9,8,279
104,AC(kT=10.0),600,1,-1.39132,-1.39,-3.13464,-834,9.5,10.5,174
105,TWAP,600,1,0.760837,0.76,0.713557,456,5,8,500
105,VWAP,600,1,4.15958,4.155,0.828616,2493,10,2,445
105,POV(20%),600,1,7.77021,7.76167,-0.315517,4657,16.5,21.5,227
105,AC(kT=0.5),600,1,5.67958,5.67333,0.975054,3404,15,14.5,500
105,AC(kT=2.0),600,1,2.69463,2.69167,0.799439,1615,0,-6.5,444
105,AC(kT=5.0),600,1,3.76915,3.765,-2.65275,2259,12.5,10.5,279
105,AC(kT=10.0),600,1,3.16515,3.16167,-3.30708,1897,6.5,8,174
106,TWAP,600,1,8.56313,8.60167,2.58738,5161,5,2,500
106,VWAP,600,1,11.0635,11.1133,0.16597,6668,19,24.5,445
106,POV(20%),600,1,5.3924,5.41667,1.22434,3250,1,2.5,228
106,AC(kT=0.5),600,1,9.60013,9.64333,2.29575,5786,15.5,17,500
106,AC(kT=2.0),600,1,11.3688,11.42,-1.28013,6852,22.5,21.5,444
106,AC(kT=5.0),600,1,5.72258,5.74833,1.65983,3449,2,4.5,279
106,AC(kT=10.0),600,1,7.43322,7.46667,-7.70203,4480,21.5,17,174
107,TWAP,600,1,-8.7074,-8.7,0.0699113,-5220,-3,-2,500
107,VWAP,600,1,-16.2855,-16.2717,-0.377608,-9763,-18.5,-19,445
107,POV(20%),600,1,-3.97505,-3.97167,0.385686,-2383,1,2.5,193
107,AC(kT=0.5),600,1,-9.77164,-9.76333,0.437755,-5858,-14.5,-22,500
107,AC(kT=2.0),600,1,-15.8068,-15.7933,-0.187214,-9476,-21.5,-26,444
107,AC(kT=5.0),600,1,-3.66812,-3.665,2.35701,-2199,-12,-14,279
107,AC(kT=10.0),600,1,7.10437,7.09833,-5.29018,4259,23,24.5,174
108,TWAP,600,1,8.81647,8.82,1.0421,5292,18,18,500
108,VWAP,600,1,9.97434,9.97833,0.584444,5987,18.5,21.5,445
108,POV(20%),590,0.983333,13.4946,13.5,1.0096,7895,20.5,22.5,241
108,AC(kT=0.5),600,1,7.90517,7.90833,1.6857,4745,8,7.5,500
108,AC(kT=2.0),600,1,5.47614,5.47833,0.18605,3287,7,4.5,444
108,AC(kT=5.0),600,1,0.428162,0.428333,6.74054,257,-21,-21.5,279
108,AC(kT=10.0),600,1,4.71145,4.71333,4.15882,2828,-5.5,-12.5,174
109,TWAP,600,1,4.50091,4.50833,0.43273,2705,5.5,1.5,500
109,VWAP,600,1,2.68723,2.69167,0.847804,1615,-0.5,0,445
109,POV(20%),600,1,4.59242,4.6,1.18112,2760,4.5,5,244
109,AC(kT=0.5),600,1,7.46269,7.475,1.19413,4485,13,12.5,500
109,AC(kT=2.0),600,1,6.35784,6.36833,-0.885815,3821,14.5,8.5,444
109,AC(kT=5.0),600,1,5.03503,5.04333,-1.48368,3026,7.5,5.5,279
109,AC(kT=10.0),600,1,5.35283,5.36167,-3.06205,3217,8,7,174
110,TWAP,600,1,4.47724,4.475,1.32019,2685,4.5,5,500
110,VWAP,600,1,10.4669,10.4617,0.439892,6277,12,16.5,445
110,POV(20%),600,1,12.2478,12.2417,-0.26053,7345,24,27,223
110,AC(kT=0.5),600,1,9.90662,9.90167,1.1181,5941,19,22,500
110,AC(kT=2.0),600,1,8.56261,8.55833,1.05972,5135,9,8,444
110,AC(kT=5.0),600,1,2.41954,2.41833,1.3257,1451,2,3.5,279
110,AC(kT=10.0),600,1,3.73687,3.735,1.99073,2241,4.5,6.5,174
111,TWAP,600,1,4.41189,4.41167,2.20696,2647,0,0.5,500
111,VWAP,600,1,7.72372,7.72333,0.915449,4634,7,3,445
111,POV(20%),600,1,14.169,14.1683,-2.35652,8501,29,25.5,204
111,AC(kT=0.5),600,1,13.4773,13.4767,0.50253,8086,25.5,25,500
111,AC(kT=2.0),600,1,6.96035,6.96,1.67617,4176,1.5,7.5,444
111,AC(kT=5.0),600,1,4.77524,4.775,2.40306,2865,2,-3.5,279
111,AC(kT=10.0),600,1,7.2787,7.27833,3.34895,4367,0.5,-2,174
112,TWAP,600,1,1.56753,1.56667,0.456604,940,7.5,16,500
112,VWAP,600,1,12.0766,12.07,0.830379,7242,22.5,28,445
112,POV(20%),600,1,9.63697,9.63167,0.379908,5779,18,18.5,234
112,AC(kT=0.5),600,1,8.53303,8.52833,2.15163,5117,6.5,3.5,500
112,AC(kT=2.0),600,1,9.6353,9.63,1.44345,5778,5,7.5,444
112,AC(kT=5.0),600,1,5.18785,5.185,3.56113,3111,-9,-8.5,279
112,AC(kT=10.0),600,1,6.51525,6.51167,-5.52562,3907,14.5,12,174
113,TWAP,600,1,-4.05101,-4.05,0.708107,-2430,-4.5,-2,500
113,VWAP,600,1,-3.61757,-3.61667,0.993999,-2170,-10.5,-13,445
113,POV(20%),600,1,-0.928565,-0.928333,1.23665,-557,-1.5,-1.5,230
113,AC(kT=0.5),600,1,-4.08435,-4.08333,1.4333,-2450,-13,-11.5,500
113,AC(kT=2.0),600,1,0.656831,0.656667,0.442372,394,6.5,8,444
113,AC(kT=5.0),600,1,0.890223,0.89,-1.40453,534,9.5,2,279
113,AC(kT=10.0),600,1,1.38035,1.38,6.41912,828,-15.5,-18,174
114,TWAP,600,1,1.33467,1.335,0.943736,801,3.5,5,500
114,VWAP,600,1,6.55336,6.555,-0.00804386,3933,14.5,15,445
114,POV(20%),600,1,0.9331,0.933333,2.30899,560,-5.5,-6,220
114,AC(kT=0.5),600,1,-1.11306,-1.11333,1.37486,-668,-5.5,-2,500
114,AC(kT=2.0),600,1,5.08873,5.09,-3.69493,3054,26,23,444
114,AC(kT=5.0),600,1,1.90286,1.90333,1.89307,1142,-4.5,-5.5,279
114,AC(kT=10.0),600,1,3.30251,3.30333,-1.77097,1982,14.5,17.5,174
115,TWAP,600,1,12.0358,12.025,2.66326,7215,9,10.5,500
115,VWAP,600,1,6.26397,6.25833,1.43921,3755,3,-4.5,445
115,POV(20%),600,1,14.8901,14.8767,0.680003,8926,18.5,16,223
115,AC(kT=0.5),600,1,11.4436,11.4333,1.83913,6860,16.5,15,500
115,AC(kT=2.0),600,1,9.63867,9.63,0.354186,5778,12.5,9.5,444
115,AC(kT=5.0),600,1,4.99283,4.98833,-0.890576,2993,6.5,4.5,279
115,AC(kT=10.0),600,1,7.34995,7.34333,-2.70088,4406,12.5,10.5,174
116,TWAP,600,1,-1.06016,-1.06,0.520324,-636,6,9.5,500
116,VWAP,600,1,7.94953,7.94833,0.466016,4769,22.5,21.5,445
116,POV(20%),600,1,11.8351,11.8333,0.340487,7100,21,23,234
116,AC(kT=0.5),600,1,1.0835,1.08333,1.30489,650,-1.5,-1.5,500
116,AC(kT=2.0),600,1,2.8871,2.88667,0.859328,1732,5,8,444
116,AC(kT=5.0),600,1,-0.591755,-0.591667,4.78922,-355,-4.5,-6,279
116,AC(kT=10.0),600,1,1.85695,1.85667,-1.60927,1114,-0.5,0,174
117,TWAP,600,1,7.13154,7.12833,2.67137,4277,6,6,500
117,VWAP,600,1,2.14763,2.14667,0.854095,1288,7.5,6,445
117,POV(20%),600,1,4.27859,4.27667,1.15579,2566,4.5,9.5,227
117,AC(kT=0.5),600,1,5.44912,5.44667,3.10349,3268,-2,-1.5,500
117,AC(kT=2.0),600,1,-1.01879,-1.01833,0.896062,-611,2,-2.5,444
117,AC(kT=5.0),600,1,2.56615,2.565,3.03506,1539,-3,-1.5,279
117,AC(kT=10.0),600,1,0.30347,0.303333,0.980549,182,3,12,174
118,TWAP,600,1,1.99169,1.99,0.832326,1194,5,9.5,500
118,VWAP,600,1,6.16691,6.16167,1.00938,3697,13,5,445
118,POV(20%),600,1,5.44129,5.43667,1.3069,3262,9,8,235
118,AC(kT=0.5),600,1,7.82832,7.82167,1.63454,4693,13.5,12.5,500
118,AC(kT=2.0),600,1,10.8359,10.8267,-0.347128,6496,21,22.5,444
118,AC(kT=5.0),600,1,3.42124,3.41833,2.98031,2051,-10.5,-24,279
118,AC(kT=10.0),600,1,3.92834,3.925,2.30853,2355,1,-1.5,174
119,TWAP,600,1,-1.29957,-1.29833,0.776233,-779,-7.5,-4,500
119,VWAP,600,1,2.26048,2.25833,1.31064,1355,2,3.5,445
119,POV(20%),600,1,4.85294,4.84833,1.50709,2909,1.5,6,242
119,AC(kT=0.5),600,1,4.08388,4.08,0.951933,2448,8.5,13.5,500
119,AC(kT=2.0),600,1,4.89799,4.89333,0.610289,2936,10.5,9,444
119,AC(kT=5.0),600,1,6.28097,6.275,-6.406,3765,17.5,15,279
119,AC(kT=10.0),600,1,4.87129,4.86667,0.895556,2920,0,-5,174
120,TWAP,600,1,18.887,18.8983,4.26783,11339,25,24,500
120,VWAP,600,1,-3.11979,-3.12167,1.01199,-1873,-2,-3,445
120,POV(20%),600,1,-0.797855,-0.798333,1.97423,-479,-9.5,-8,213
120,AC(kT=0.5),600,1,-0.756213,-0.756667,1.29488,-454,-0.5,1.5,500
120,AC(kT=2.0),600,1,-2.26364,-2.265,0.28053,-1359,2.5,-5,444
120,AC(kT=5.0),600,1,0.118262,0.118333,-1.68076,71,4.5,13,280
120,AC(kT=10.0),600,1,1.45746,1.45833,1.55814,875,4,7.5,174
121,TWAP,600,1,-3.96571,-3.96333,0.385778,-2378,-2.5,1.5,500
121,VWAP,600,1,-2.25469,-2.25333,1.37759,-1352,-13,-14.5,445
121,POV(20%),600,1,0.160096,0.16,1.31504,96,-2,-4.5,242
121,AC(kT=0.5),600,1,8.82696,8.82167,1.32361,5293,13,30.5,500
121,AC(kT=2.0),600,1,0.0233473,0.0233333,1.07084,14,-0.5,-1,444
121,AC(kT=5.0),600,1,1.53759,1.53667,1.94065,922,-1.5,-10.5,279
121,AC(kT=10.0),600,1,2.65993,2.65833,1.8087,1595,1.5,2.5,174
122,TWAP,600,1,-3.43162,-3.43333,0.580047,-2060,-3.5,0.5,500
122,VWAP,600,1,-0.812927,-0.813333,0.994536,-488,-0.5,-0.5,445
122,POV(20%),583,0.971667,-7.15809,-7.16167,1.41911,-4059,-14,-18.5,227
122,AC(kT=0.5),600,1,-5.54723,-5.55,0.581487,-3330,-6,-4,500
122,AC(kT=2.0),600,1,-3.18008,-3.18167,1.01361,-1909,-4,-2,444
122,AC(kT=5.0),600,1,-0.336498,-0.336667,5.29311,-202,-10,-8,279
122,AC(kT=10.0),600,1,1.58921,1.59,9.7488,954,-22.5,-19,174
123,TWAP,600,1,10.0202,10.0217,2.15023,6013,17.5,17,500
123,VWAP,600,1,4.99592,4.99667,0.841518,2998,8.5,7.5,445
123,POV(20%),600,1,6.9173,6.91833,0.999736,4151,15,28,232
123,AC(kT=0.5),600,1,0.239964,0.24,0.640827,144,-1,8.5,500
123,AC(kT=2.0),600,1,7.47888,7.48,-0.0392823,4488,12,15.5,444
123,AC(kT=5.0),600,1,5.73081,5.73167,-4.84049,3439,23,15.5,279
123,AC(kT=10.0),600,1,4.16104,4.16167,3.4136,2497,-11,-7.5,174
124,TWAP,600,1,0.0616513,0.0616667,1.61557,37,-6,-1.5,500
124,VWAP,600,1,-1.93952,-1.94,0.976839,-1164,-4.5,-5,445
124,POV(20%),580,0.966667,5.95684,5.95833,0.92371,3275,15,16.5,228
124,AC(kT=0.5),600,1,0.541531,0.541667,1.22999,325,-1,-1.5,500
124,AC(kT=2.0),600,1,1.16304,1.16333,0.623536,698,5,11,444
124,AC(kT=5.0),600,1,1.29968,1.3,-3.91698,780,17,16,279
124,AC(kT=10.0),600,1,2.48105,2.48167,-3.04897,1489,8.5,4.5,174
125,TWAP,600,1,6.78578,6.79833,1.56061,4079,9.5,15,500
125,VWAP,600,1,3.49187,3.49833,0.925041,2099,9.5,12,445
125,POV(20%),600,1,2.37228,2.37667,1.29736,1426,-1.5,-3.5,239
125,AC(kT=0.5),600,1,6.15861,6.17,1.69488,3702,2,2.5,500
125,AC(kT=2.0),600,1,1.3891,1.39167,1.46481,835,-2.5,-4.5,444
125,AC(kT=5.0),600,1,3.29391,3.3,1.57142,1980,-2.5,-3.5,279
125,AC(kT=10.0),600,1,3.83125,3.83833,-1.73738,2303,8,7.5,174
126,TWAP,600,1,-5.125,-5.125,0.606629,-3075,-11,-16.5,500
126,VWAP,600,1,-8.91667,-8.91667,0.399495,-5350,-15.5,-17,445
126,POV(20%),600,1,-6.78167,-6.78167,1.07873,-4069,-5.5,-6.5,224
126,AC(kT=0.5),600,1,-2.41333,-2.41333,1.37857,-1448,-9,-7,500
126,AC(kT=2.0),600,1,-4.835,-4.835,1.28275,-2901,-12,-13,444
126,AC(kT=5.0),600,1,-0.975,-0.975,2.41608,-585,-5.5,-1.5,279
126,AC(kT=10.0),600,1,0.956667,0.956667,3.57515,574,-6,-4.5,174
127,TWAP,600,1,0.241582,0.241667,0.594044,145,-6.5,-5.5,500
127,VWAP,600,1,8.64697,8.65,0.693489,5190,14.5,23.5,445
127,POV(20%),578,0.963333,6.56437,6.56667,1.01837,3731,9.5,8,223
127,AC(kT=0.5),600,1,14.0967,14.1017,2.53207,8461,17,20.5,500
127,AC(kT=2.0),600,1,8.97519,8.97833,1.01512,5387,11.5,11,444
127,AC(kT=5.0),600,1,5.94625,5.94833,1.07531,3569,3,3,279
127,AC(kT=10.0),600,1,4.08524,4.08667,3.25127,2452,2.5,-0.5,174
128,TWAP,600,1,1.39499,1.39667,1.31008,838,0.5,1,500
128,VWAP,600,1,2.39546,2.39833,1.18873,1439,-0.5,1.5,445
128,POV(20%),600,1,1.06705,1.06833,1.43048,641,-4,-2.5,225
128,AC(kT=0.5),600,1,1.39666,1.39833,1.35857,839,0.5,1,500
128,AC(kT=2.0),600,1,2.73672,2.74,1.78228,1644,-4,1.5,444
128,AC(kT=5.0),600,1,4.36143,4.36667,-0.0663334,2620,3,6.5,279
128,AC(kT=10.0),600,1,4.47962,4.485,-10.1483,2691,29,27,174
129,TWAP,600,1,-1.45703,-1.45667,1.36384,-874,-6.5,-7.5,500
129,VWAP,600,1,-0.521797,-0.521667,0.88344,-313,-0.5,0.5,445
129,POV(20%),600,1,5.67642,5.675,1.12801,3405,7,6.5,236
129,AC(kT=0.5),600,1,-0.24006,-0.24,1.56245,-144,-4,0.5,500
129,AC(kT=2.0),600,1,-0.830208,-0.83,1.5222,-498,-6,0,444
129,AC(kT=5.0),600,1,1.38201,1.38167,1.65159,829,-1,-0.5,279
129,AC(kT=10.0),600,1,-1.79211,-1.79167,1.55186,-1075,3,-1.5,174
130,TWAP,600,1,10.8192,10.81,2.01818,6486,21,21.5,500
130,VWAP,600,1,0.355302,0.355,1.03114,213,-5,-7,445
130,POV(20%),600,1,-1.91496,-1.91333,1.27912,-1148,-3,3.5,236
130,AC(kT=0.5),600,1,6.88752,6.88167,1.68812,4129,13.5,12.5,500
130,AC(kT=2.0),600,1,0.570485,0.57,1.00071,342,1,2.5,444
130,AC(kT=5.0),600,1,3.31615,3.31333,-4.9692,1988,15.5,13.5,279
130,AC(kT=10.0),600,1,2.63557,2.63333,-2.43789,1580,1,-1.5,174
131,TWAP,600,1,-9.46523,-9.46333,3.25099,-5678,-4.5,-7.5,500
131,VWAP,600,1,-24.1548,-24.15,-0.297184,-14490,-28,-33.5,445
131,POV(20%),600,1,-2.61552,-2.615,5.88685,-1569,-15,-19,143
131,AC(kT=0.5),600,1,-19.4289,-19.425,-0.592202,-11655,-17,-12,500
131,AC(kT=2.0),600,1,-27.0737,-27.0683,-0.342781,-16241,-31,-28,444
131,AC(kT=5.0),600,1,-5.55278,-5.55167,-0.0198719,-3331,5,8.5,279
131,AC(kT=10.0),600,1,-15.1197,-15.1167,10.973,-9070,-31.5,-27,174
132,TWAP,600,1,14.4707,14.47,3.1672,8682,22,21,500
132,VWAP,600,1,5.87529,5.875,1.43364,3525,6,6,445
132,POV(20%),600,1,12.5956,12.595,-0.806005,7557,28,30,217
132,AC(kT=0.5),600,1,12.934,12.9333,3.52703,7760,16,16,500
132,AC(kT=2.0),600,1,6.14531,6.145,2.07261,3687,-2,-14,444
132,AC(kT=5.0),600,1,3.02015,3.02,-0.161547,1812,1,-6,279
132,AC(kT=10.0),600,1,6.752,6.75167,0.177676,4051,5,9,174
133,TWAP,600,1,-4.33137,-4.32833,-0.262642,-2597,-3,-2,500
133,VWAP,600,1,-3.15054,-3.14833,0.621807,-1889,-13.5,-14.5,445
133,POV(20%),600,1,1.43601,1.435,1.05303,861,0.5,4.5,228
133,AC(kT=0.5),600,1,1.10411,1.10333,-0.355261,662,19,18.5,500
133,AC(kT=2.0),600,1,-0.181794,-0.181667,1.05645,-109,-1.5,-4.5,444
133,AC(kT=5.0),600,1,1.84129,1.84,1.20977,1104,2.5,3,279
133,AC(kT=10.0),600,1,3.25061,3.24833,1.29441,1949,6.5,6.5,174
134,TWAP,600,1,7.80961,7.81,2.00704,4686,7.5,5.5,500
134,VWAP,600,1,1.14828,1.14833,-0.0600165,689,-7.5,-10,445
134,POV(20%),600,1,10.9995,11,-0.439034,6600,24.5,26,226
134,AC(kT=0.5),600,1,7.22464,7.225,0.731983,4335,11.5,9.5,500
134,AC(kT=2.0),600,1,7.20964,7.21,0.510347,4326,6.5,11.5,444
134,AC(kT=5.0),600,1,7.89794,7.89833,1.3778,4739,7.5,12.5,279
134,AC(kT=10.0),600,1,7.48796,7.48833,-3.78192,4493,19.5,20,174
135,TWAP,600,1,-3.83546,-3.83833,2.23392,-2303,-5.5,-8.5,500
135,VWAP,600,1,-9.04988,-9.05667,0.576421,-5434,-11.5,-12.5,445
135,POV(20%),600,1,0.782746,0.783333,-2.5894,470,15,13,184
135,AC(kT=0.5),600,1,0.654509,0.655,3.48332,393,6,5.5,500
135,AC(kT=2.0),600,1,-7.72587,-7.73167,1.2438,-4639,-13.5,-14,444
135,AC(kT=5.0),600,1,-0.0433009,-0.0433333,-0.552557,-26,9,7,279
135,AC(kT=10.0),600,1,2.1334,2.135,0.4579,1281,3,-1,174
136,TWAP,600,1,1.98089,1.98,0.928637,1188,4,6,500
136,VWAP,600,1,-1.70577,-1.705,1.15415,-1023,-4,-0.5,445
136,POV(20%),591,0.985,-3.55743,-3.55583,1.42743,-1998.5,-15,-21,230
136,AC(kT=0.5),600,1,-0.808697,-0.808333,0.813052,-485,-2,-1,500
136,AC(kT=2.0),600,1,-0.0100045,-0.01,1.0154,-6,-1,-3,444
136,AC(kT=5.0),600,1,2.4461,2.445,-6.04495,1467,24,21.5,279
136,AC(kT=10.0),600,1,3.45822,3.45667,1.61283,2074,-1,-2.5,174
137,TWAP,600,1,1.11106,1.11333,0.960069,668,3.5,3.5,500
137,VWAP,600,1,8.56245,8.58,0.714645,5148,17.5,17.5,445
137,POV(20%),600,1,3.8072,3.815,0.809696,2289,8.5,9.5,224
137,AC(kT=0.5),600,1,-2.72109,-2.72667,0.043725,-1636,3,4.5,500
137,AC(kT=2.0),600,1,5.53033,5.54167,0.464944,3325,8.5,9.5,444
137,AC(kT=5.0),600,1,-0.334315,-0.335,4.48957,-201,-12.5,-8.5,279
137,AC(kT=10.0),600,1,4.5357,4.545,-6.77498,2727,19,24,174
138,TWAP,600,1,-1.71789,-1.71333,0.0137749,-1028,2.5,2.5,500
138,VWAP,600,1,4.03569,4.025,1.08375,2415,11,8,445
138,POV(20%),600,1,5.71013,5.695,-0.014109,3417,9.5,22,214
138,AC(kT=0.5),600,1,-8.75988,-8.73667,-0.446154,-5242,-12.5,-9.5,500
138,AC(kT=2.0),600,1,14.5051,14.4667,-4.8995,8680,36,38.5,444
138,AC(kT=5.0),600,1,5.10185,5.08833,-2.75294,3053,8,4.5,279
138,AC(kT=10.0),600,1,3.67474,3.665,-5.01889,2199,13.5,14.5,174
139,TWAP,600,1,8.94386,8.94833,1.29361,5369,12.5,21.5,500
139,VWAP,600,1,7.65117,7.655,0.815447,4593,18,20,445
139,POV(20%),600,1,4.0613,4.06333,2.21321,2438,-4.5,-3.5,224
139,AC(kT=0.5),600,1,9.13876,9.14333,1.66648,5486,11,9.5,500
139,AC(kT=2.0),600,1,5.50225,5.505,0.79224,3303,9,10.5,444
139,AC(kT=5.0),600,1,7.03648,7.04,1.76084,4224,5.5,3,279
139,AC(kT=10.0),600,1,7.22639,7.23,-2.83702,4338,1.5,5,174
140,TWAP,600,1,-20.9872,-21.005,-3.23263,-12603,-35,-31,500
140,VWAP,600,1,-7.70179,-7.70833,1.06547,-4625,-12.5,-13.5,445
140,POV(20%),600,1,-4.10484,-4.10833,1.27539,-2465,-14,-2,208
140,AC(kT=0.5),600,1,-7.53027,-7.53667,-1.53324,-4522,-1.5,-2.5,500
140,AC(kT=2.0),600,1,-6.54111,-6.54667,-0.725765,-3928,-4.5,4.5,444
140,AC(kT=5.0),600,1,-1.16068,-1.16167,1.12458,-697,0.5,-0.5,279
140,AC(kT=10.0),600,1,1.78681,1.78833,-0.447646,1073,19,20.5,174
141,TWAP,600,1,12.2179,12.235,2.55286,7341,10.5,6,500
141,VWAP,600,1,2.37834,2.38167,0.76645,1429,0,3.5,445
141,POV(20%),600,1,7.74915,7.76,0.939715,4656,14,16.5,232
141,AC(kT=0.5),600,1,10.3954,10.41,1.69648,6246,14,12.5,500
141,AC(kT=2.0),600,1,4.15918,4.165,1.03741,2499,-1.5,-9.5,444
141,AC(kT=5.0),600,1,5.91505,5.92333,0.310414,3554,9,10.5,279
141,AC(kT=10.0),600,1,5.66374,5.67167,7.79312,3403,-14.5,-17,174
142,TWAP,600,1,4.51528,4.51167,2.58623,2707,11.5,18.5,500
142,VWAP,600,1,-9.36082,-9.35333,0.882685,-5612,-10,-7.5,445
142,POV(20%),600,1,-7.6211,-7.615,1.76209,-4569,-8,-5.5,212
142,AC(kT=0.5),600,1,-0.880705,-0.88,-0.020708,-528,14,11.5,500
142,AC(kT=2.0),600,1,-10.4801,-10.4717,1.02617,-6283,-19.5,-17.5,444
142,AC(kT=5.0),600,1,0.398652,0.398333,-0.16422,239,4,-1.5,279
142,AC(kT=10.0),600,1,2.33687,2.335,-0.981644,1401,1.5,-7,174
143,TWAP,600,1,0.403515,0.403333,0.197967,242,6.5,2,500
143,VWAP,600,1,8.55218,8.54833,0.848876,5129,11.5,11.5,445
143,POV(20%),600,1,-3.67999,-3.67833,1.56801,-2207,-6,-8,233
143,AC(kT=0.5),600,1,4.91888,4.91667,1.48202,2950,6,6.5,500
143,AC(kT=2.0),600,1,4.77715,4.775,0.595893,2865,5.5,5,444
143,AC(kT=5.0),600,1,4.83384,4.83167,1.16245,2899,1.5,-1,279
143,AC(kT=10.0),600,1,3.68833,3.68667,5.37201,2212,-10.5,-12,174
144,TWAP,600,1,13.0824,13.085,0.904889,7851,30.5,36,500
144,VWAP,600,1,5.07232,5.07333,1.02461,3044,4,2.5,445
144,POV(20%),600,1,9.90302,9.905,0.763922,5943,15,9,223
144,AC(kT=0.5),600,1,13.2873,13.29,2.19719,7974,20,20.5,500
144,AC(kT=2.0),600,1,0.903153,0.903333,1.75732,542,-5,-8.5,444
144,AC(kT=5.0),600,1,6.5087,6.51,0.806505,3906,1,-7,279
144,AC(kT=10.0),600,1,6.38706,6.38833,-6.87581,3833,26.5,25.5,174
145,TWAP,600,1,5.05551,5.055,1.47198,3033,6.5,3.5,500
145,VWAP,600,1,4.83382,4.83333,0.848771,2900,7,12.5,445
145,POV(20%),600,1,2.49858,2.49833,1.56752,1499,-2.5,2,228
145,AC(kT=0.5),600,1,7.32573,7.325,1.40414,4395,17.5,15,500
145,AC(kT=2.0),600,1,7.52242,7.52167,0.910683,4513,6.5,8,444
145,AC(kT=5.0),600,1,3.98373,3.98333,0.594177,2390,13.5,13,279
145,AC(kT=10.0),600,1,4.55212,4.55167,2.43338,2731,0.5,-2.5,174
146,TWAP,600,1,3.31085,3.31333,0.745011,1988,0.5,-5,500
146,VWAP,600,1,-8.27546,-8.28167,0.504743,-4969,-15.5,-17,445
146,POV(20%),600,1,3.34249,3.345,1.40548,2007,3.5,0.5,233
146,AC(kT=0.5),600,1,8.92331,8.93,2.04261,5358,19.5,25,500
146,AC(kT=2.0),600,1,-7.26122,-7.26667,1.01786,-4360,-12.5,-14.5,444
146,AC(kT=5.0),600,1,15.0204,15.0317,-3.70316,9019,16,22,279
146,AC(kT=10.0),600,1,7.42277,7.42833,0.134739,4457,5,3.5,174
147,TWAP,600,1,1.89019,1.89,1.75191,1134,1.5,6.5,500
147,VWAP,600,1,1.83852,1.83833,0.893026,1103,0,0,445
147,POV(20%),600,1,7.17738,7.17667,2.21413,4306,-3.5,-0.5,212
147,AC(kT=0.5),600,1,6.02894,6.02833,2.25375,3617,13,13,500
147,AC(kT=2.0),600,1,-0.30003,-0.3,0.90691,-180,2.5,-4,444
147,AC(kT=5.0),600,1,1.57182,1.57167,5.46931,943,-17,-20,279
147,AC(kT=10.0),600,1,2.81361,2.81333,-10.3723,1688,34.5,35,174
148,TWAP,600,1,-3.31782,-3.315,1.28299,-1989,-13,-14,500
148,VWAP,600,1,6.26533,6.26,1.08503,3756,11,12.5,445
148,POV(20%),600,1,-6.89586,-6.89,1.38334,-4134,-7.5,-12,240
148,AC(kT=0.5),600,1,-0.155132,-0.155,0.471171,-93,5,5.5,500
148,AC(kT=2.0),600,1,2.48545,2.48333,0.314561,1490,9,10.5,444
148,AC(kT=5.0),600,1,-0.276902,-0.276667,-4.05858,-166,15,12.5,279
148,AC(kT=10.0),600,1,0.683915,0.683333,-0.0724434,410,8.5,7,174
149,TWAP,600,1,8.11793,8.11833,1.51036,4871,15.5,4,500
149,VWAP,600,1,2.20656,2.20667,0.866769,1324,3,0.5,445
149,POV(20%),600,1,2.64487,2.645,6.45912,1587,-21,-22.5,234
149,AC(kT=0.5),600,1,2.07323,2.07333,1.00617,1244,1,3,500
149,AC(kT=2.0),600,1,5.00642,5.00667,0.697378,3004,10,5.5,444
149,AC(kT=5.0),600,1,4.90642,4.90667,-5.28379,2944,22.5,25,279
149,AC(kT=10.0),600,1,3.76981,3.77,-5.51956,2262,23,21,174
150,TWAP,600,1,0.534652,0.535,0.192492,321,-5,-4,500
150,VWAP,600,1,6.4658,6.47,0.920201,3882,6,4.5,445
150,POV(20%),600,1,8.41786,8.42333,1.10384,5054,10.5,15,237
150,AC(kT=0.5),600,1,8.27962,8.285,1.27349,4971,11.5,12,500
150,AC(kT=2.0),600,1,7.8932,7.89833,1.63254,4739,3,0.5,444
150,AC(kT=5.0),600,1,5.648,5.65167,4.59524,3391,-3.5,-4.5,279
150,AC(kT=10.0),600,1,6.74228,6.74667,-4.24295,4048,11,4,174
151,TWAP,600,1,2.19375,2.19167,1.12026,1315,5,8,500
151,VWAP,600,1,1.83341,1.83167,0.760573,1099,5.5,4.5,445
151,POV(20%),600,1,4.88965,4.885,0.968844,2931,5,12,217
151,AC(kT=0.5),600,1,0.22855,0.228333,1.91721,137,-9,-3,500
151,AC(kT=2.0),600,1,1.97688,1.975,-0.47871,1185,10.5,3,444
151,AC(kT=5.0),600,1,1.45305,1.45167,2.56567,871,-6.5,-5.5,279
151,AC(kT=10.0),600,1,2.64084,2.63833,-3.1434,1583,10,8,174
152,TWAP,600,1,0.816422,0.816667,0.522164,490,-0.5,1,500
152,VWAP,600,1,5.23843,5.24,0.612558,3144,5,4,445
152,POV(20%),600,1,-0.249925,-0.25,1.00098,-150,2,5,217
152,AC(kT=0.5),600,1,6.57469,6.57667,-0.241415,3946,17.5,14.5,500
152,AC(kT=2.0),600,1,6.47806,6.48,-0.552729,3888,17,16,444
152,AC(kT=5.0),600,1,7.39945,7.40167,-3.83282,4441,19.5,17.5,279
152,AC(kT=10.0),600,1,4.8902,4.89167,2.44377,2935,-4.5,-5,174
153,TWAP,600,1,11.7036,11.71,2.4204,7026,25.5,27,500
153,VWAP,600,1,5.44034,5.44333,1.28507,3266,1,-7,445
153,POV(20%),600,1,3.97781,3.98,0.597276,2388,14,9,222
153,AC(kT=0.5),600,1,7.59582,7.6,2.34064,4560,8.5,4,500
153,AC(kT=2.0),600,1,11.7852,11.7917,1.0438,7075,20.5,22.5,444
153,AC(kT=5.0),600,1,3.66465,3.66667,1.60307,2200,0,1.5,279
153,AC(kT=10.0),600,1,-0.899505,-0.9,0.825152,-540,-1.5,-9,174
154,TWAP,600,1,4.46763,4.475,1.76396,2685,0.5,1,500
154,VWAP,600,1,6.07997,6.09,1.13923,3654,16,19,445
154,POV(20%),600,1,-6.67232,-6.68333,2.47365,-4010,-18.5,-16.5,237
154,AC(kT=0.5),600,1,4.23634,4.24333,1.56848,2546,4.5,8,500
154,AC(kT=2.0),600,1,4.97346,4.98167,0.0965893,2989,7.5,10.5,444
154,AC(kT=5.0),600,1,3.77877,3.785,0.188505,2271,4,0,279
154,AC(kT=10.0),600,1,4.0999,4.10667,-0.428631,2464,5,4.5,174
155,TWAP,600,1,12.6596,12.6583,3.39014,7595,15.5,18.5,500
155,VWAP,600,1,2.3319,2.33167,1.04621,1399,6,1.5,445
155,POV(20%),600,1,7.95413,7.95333,1.44524,4772,5.5,8,223
155,AC(kT=0.5),600,1,9.39927,9.39833,2.22025,5639,16,15,500
155,AC(kT=2.0),600,1,0.0350035,0.035,0.446602,21,-0.5,-2,444
155,AC(kT=5.0),600,1,9.0009,9,-0.998453,5400,27.5,30.5,279
155,AC(kT=10.0),600,1,2.93029,2.93,-0.0272213,1758,2,1.5,174
156,TWAP,600,1,5.28219,5.28167,1.30681,3169,8,8.5,500
156,VWAP,600,1,7.78911,7.78833,0.962745,4673,11.5,11.5,445
156,POV(20%),600,1,10.441,10.44,-0.622701,6264,21.5,24,223
156,AC(kT=0.5),600,1,7.38574,7.385,1.49665,4431,15.5,17.5,500
156,AC(kT=2.0),600,1,6.21062,6.21,0.987226,3726,4.5,2.5,444
156,AC(kT=5.0),600,1,5.38054,5.38,-1.20171,3228,11.5,12.5,279
156,AC(kT=10.0),600,1,4.03207,4.03167,5.26536,2419,-16.5,-18.5,174
157,TWAP,600,1,5.60001,5.59833,0.502667,3359,14.5,16.5,500
157,VWAP,600,1,2.4424,2.44167,0.773595,1465,12.5,11,445
157,POV(20%),600,1,1.12534,1.125,1.2514,675,1,6,227
157,AC(kT=0.5),600,1,-1.36874,-1.36833,0.911763,-821,-8,-7,500
157,AC(kT=2.0),600,1,1.26871,1.26833,1.52393,761,-4,-4,444
157,AC(kT=5.0),600,1,2.75249,2.75167,0.974492,1651,5.5,9,279
157,AC(kT=10.0),600,1,3.87616,3.875,5.20141,2325,-5.5,-7.5,174
158,TWAP,600,1,-1.9713,-1.96667,0.331938,-1180,-5,-8.5,500
158,VWAP,600,1,1.46845,1.465,1.05349,879,-4.5,-4.5,445
158,POV(20%),600,1,-1.19949,-1.19667,1.47977,-718,-2.5,-2.5,222
158,AC(kT=0.5),600,1,-4.07458,-4.065,1.2385,-2439,-14.5,-19.5,500
158,AC(kT=2.0),600,1,2.91685,2.91,1.52733,1746,-1.5,-3,444
158,AC(kT=5.0),600,1,3.9025,3.89333,0.971099,2336,8.5,9,279
158,AC(kT=10.0),600,1,4.49556,4.485,0.39924,2691,5,1,174
159,TWAP,600,1,26.5857,26.6017,5.29455,15961,26.5,29.5,500
159,VWAP,600,1,10.3455,10.3517,1.16003,6211,11.5,5.5,445
159,POV(20%),600,1,9.59591,9.60167,-0.314406,5761,24.5,28.5,217
159,AC(kT=0.5),600,1,22.3016,22.315,3.02767,13389,23,18.5,500
159,AC(kT=2.0),600,1,10.4754,10.4817,0.954848,6289,10.5,8.5,444
159,AC(kT=5.0),600,1,-0.163235,-0.163333,2.80905,-98,-10.5,-11.5,279
159,AC(kT=10.0),600,1,7.26564,7.27,0.636299,4362,14,15,174
160,TWAP,600,1,5.39725,5.39833,2.00462,3239,9.5,1.5,500
160,VWAP,600,1,1.88129,1.88167,0.797704,1129,5,2.5,445
160,POV(20%),600,1,2.70613,2.70667,1.17365,1624,6,8,231
160,AC(kT=0.5),600,1,-0.141638,-0.141667,1.65457,-85,-6,-7,500
160,AC(kT=2.0),600,1,4.61408,4.615,0.974539,2769,8.5,4.5,444
160,AC(kT=5.0),600,1,6.3404,6.34167,-10.0684,3805,28.5,29.5,279
160,AC(kT=10.0),600,1,2.20956,2.21,-1.22145,1326,1,-3.5,174
161,TWAP,600,1,0.213451,0.213333,0.70908,128,-1.5,-5.5,500
161,VWAP,600,1,0.807111,0.806667,0.931827,484,-3,-2.5,445
161,POV(20%),600,1,1.64757,1.64667,1.20285,988,2,7,236
161,AC(kT=0.5),600,1,0.525289,0.525,2.37677,315,-17.5,-18.5,500
161,AC(kT=2.0),600,1,4.6092,4.60667,0.127866,2764,9,9.5,444
161,AC(kT=5.0),600,1,4.24233,4.24,-2.48086,2544,10.5,15,279
161,AC(kT=10.0),600,1,4.31571,4.31333,2.73261,2588,1.5,-9,174
162,TWAP,600,1,0.876316,0.876667,1.09705,526,-2,-3,500
162,VWAP,600,1,6.12755,6.13,0.748042,3678,20,20.5,445
162,POV(20%),600,1,7.6736,7.67667,-2.52982,4606,27.5,28,215
162,AC(kT=0.5),600,1,3.45029,3.45167,2.492,2071,0,4.5,500
162,AC(kT=2.0),600,1,-4.39158,-4.39333,2.32103,-2636,-14,-13,444
162,AC(kT=5.0),600,1,-0.423164,-0.423333,1.05719,-254,-3,-7,279
162,AC(kT=10.0),600,1,0.389844,0.39,2.03547,234,-5,-2,174
163,TWAP,600,1,13.2461,13.2633,1.82463,7958,18,19,500
163,VWAP,600,1,9.96871,9.98167,0.97382,5989,10,10.5,445
163,POV(20%),600,1,5.80412,5.81167,2.98545,3487,-6.5,-8.5,222
163,AC(kT=0.5),600,1,13.0996,13.1167,1.62725,7870,18.5,19,500
163,AC(kT=2.0),600,1,8.10613,8.11667,1.7658,4870,1.5,7,444
163,AC(kT=5.0),600,1,5.08506,5.09167,2.96752,3055,-3.5,-2.5,279
163,AC(kT=10.0),600,1,8.00792,8.01833,-5.74402,4811,23.5,25,174
164,TWAP,600,1,-2.82449,-2.82167,0.939155,-1693,-11,-20.5,500
164,VWAP,600,1,2.26226,2.26,0.895796,1356,-5,-7.5,445
164,POV(20%),600,1,3.58692,3.58333,0.831614,2150,7,5.5,243
164,AC(kT=0.5),600,1,-2.44077,-2.43833,1.12969,-1463,-10.5,-10.5,500
164,AC(kT=2.0),600,1,4.80147,4.79667,1.71707,2878,-0.5,-8.5,444
164,AC(kT=5.0),600,1,6.07107,6.065,-1.06861,3639,8.5,6.5,279
164,AC(kT=10.0),600,1,5.27361,5.26833,5.57756,3161,-2.5,0.5,174
165,TWAP,600,1,3.61653,3.61833,0.806563,2171,15,15.5,500
165,VWAP,600,1,7.32134,7.325,1.32702,4395,21,22,445
165,POV(20%),600,1,5.86873,5.87167,0.886346,3523,13.5,22.5,226
165,AC(kT=0.5),600,1,-0.982842,-0.983333,0.0725737,-590,4.5,10.5,500
165,AC(kT=2.0),600,1,2.25387,2.255,-0.113817,1353,7,10,444
165,AC(kT=5.0),600,1,2.98018,2.98167,3.15914,1789,-8.5,9.5,279
165,AC(kT=10.0),600,1,3.67983,3.68167,-0.583974,2209,0.5,-1,174
166,TWAP,600,1,1.59174,1.59333,0.934196,956,0,2,500
166,VWAP,600,1,10.984,10.995,1.74967,6597,20.5,24.5,445
166,POV(20%),600,1,4.27239,4.27667,0.49616,2566,12.5,12.5,212
166,AC(kT=0.5),600,1,1.35365,1.355,1.01083,813,-3,-3,500
166,AC(kT=2.0),600,1,10.1881,10.1983,-0.232731,6119,23,17.5,444
166,AC(kT=5.0),600,1,9.05095,9.06,2.83194,5436,-5,-4.5,279
166,AC(kT=10.0),600,1,5.24143,5.24667,4.77583,3148,4.5,3.5,174
167,TWAP,600,1,-0.870883,-0.871667,0.835997,-523,-0.5,-1,500
167,VWAP,600,1,6.75226,6.75833,1.27214,4055,12.5,18.5,445
167,POV(20%),600,1,4.39604,4.4,1.16964,2640,4.5,6,231
167,AC(kT=0.5),600,1,0.138209,0.138333,1.08733,83,3,3.5,500
167,AC(kT=2.0),600,1,4.42269,4.42667,1.45554,2656,0,-2.5,444
167,AC(kT=5.0),600,1,9.37823,9.38667,-4.30798,5632,22.5,19,279
167,AC(kT=10.0),600,1,1.45702,1.45833,-0.415862,875,0.5,-1.5,174
168,TWAP,600,1,5.18063,5.18167,2.67237,3109,12,9.5,500
168,VWAP,600,1,4.38746,4.38833,1.41142,2633,9,10.5,445
168,POV(20%),600,1,7.08525,7.08667,-0.451653,4252,18.5,14,229
168,AC(kT=0.5),600,1,-11.1578,-11.16,-0.980114,-6696,-18,-15.5,500
168,AC(kT=2.0),600,1,3.8559,3.85667,0.543406,2314,6,9.5,444
168,AC(kT=5.0),600,1,5.79717,5.79833,-5.43627,3479,19.5,22.5,279
168,AC(kT=10.0),600,1,3.72759,3.72833,-7.23025,2237,19.5,21,174
169,TWAP,600,1,-0.871797,-0.871667,0.543787,-523,4,1,500
169,VWAP,600,1,9.87648,9.875,-0.473579,5925,24.5,22.5,445
169,POV(20%),600,1,3.80057,3.8,1.15641,2280,4,5.5,234
169,AC(kT=0.5),600,1,-1.47189,-1.47167,1.19129,-883,-8.5,-4,500
169,AC(kT=2.0),600,1,1.02015,1.02,2.30653,612,-6,-10.5,444
169,AC(kT=5.0),600,1,2.28034,2.28,-4.30786,1368,15.5,7.5,279
169,AC(kT=10.0),600,1,2.0303,2.03,-1.59525,1218,6.5,9,174
170,TWAP,600,1,3.81972,3.81667,1.30036,2290,-0.5,2.5,500
170,VWAP,600,1,1.06085,1.06,0.940691,636,5.5,9.5,445
170,POV(20%),600,1,-4.36516,-4.36167,2.05923,-2617,-13.5,-22,230
170,AC(kT=0.5),600,1,5.04904,5.045,1.42863,3027,3,1,500
170,AC(kT=2.0),600,1,-1.56792,-1.56667,0.133023,-940,6.5,16,444
170,AC(kT=5.0),600,1,6.5786,6.57333,-1.8299,3944,9,6.5,279
170,AC(kT=10.0),600,1,3.63791,3.635,-1.14074,2181,11.5,9.5,174
171,TWAP,600,1,-2.14989,-2.15,0.127165,-1290,-1,-5.5,500
171,VWAP,600,1,7.06131,7.06167,0.0542172,4237,13.5,14.5,445
171,POV(20%),600,1,15.0076,15.0083,0.367821,9005,26,26,214
171,AC(kT=0.5),600,1,5.02475,5.025,1.65942,3015,3,5.5,500
171,AC(kT=2.0),600,1,3.39483,3.395,0.549629,2037,5.5,3.5,444
171,AC(kT=5.0),600,1,4.96808,4.96833,-5.62767,2981,21.5,17,279
171,AC(kT=10.0),600,1,4.0548,4.055,-2.16144,2433,4,-2.5,174
172,TWAP,600,1,1.60618,1.60667,0.628566,964,2.5,7,500
172,VWAP,600,1,2.93912,2.94,0.701486,1764,0,1,445
172,POV(20%),600,1,10.6751,10.6783,0.273343,6407,14.5,18.5,233
172,AC(kT=0.5),600,1,1.5612,1.56167,0.591167,937,4,4.5,500
172,AC(kT=2.0),600,1,4.92186,4.92333,-1.39566,2954,17,20.5,444
172,AC(kT=5.0),600,1,5.1118,5.11333,-0.467034,3068,9,21,279
172,AC(kT=10.0),600,1,5.22343,5.225,0.183186,3135,-0.5,0.5,174
173,TWAP,600,1,2.63215,2.63333,1.1742,1580,-4,0,500
173,VWAP,600,1,5.49253,5.495,0.949004,3297,8,5,445
173,POV(20%),600,1,5.924,5.92667,1.3078,3556,4,5,230
173,AC(kT=0.5),600,1,9.85057,9.855,1.86226,5913,16.5,15,500
173,AC(kT=2.0),600,1,5.53251,5.535,-0.239012,3321,24,15,444
173,AC(kT=5.0),600,1,8.16633,8.17,-1.19771,4902,13.5,11.5,279
173,AC(kT=10.0),600,1,6.74863,6.75167,-2.45475,4051,10.5,9,174
174,TWAP,600,1,8.06651,8.06167,0.652319,4837,17.5,16,500
174,VWAP,600,1,1.02395,1.02333,1.78664,614,-14,-11.5,445
174,POV(20%),600,1,6.27877,6.275,0.174348,3765,17,19.5,220
174,AC(kT=0.5),600,1,-5.62171,-5.61833,2.72833,-3371,-32.5,-32,500
174,AC(kT=2.0),600,1,3.2186,3.21667,1.85507,1930,-4,-11.5,444
174,AC(kT=5.0),600,1,5.81015,5.80667,-4.80484,3484,21,21,279
174,AC(kT=10.0),600,1,4.61277,4.61,-1.60813,2766,9,8,174
175,TWAP,600,1,12.1037,12.12,1.76999,7272,16,11,500
175,VWAP,600,1,9.35071,9.36333,1.20016,5618,19.5,20,445
175,POV(20%),600,1,9.65031,9.66333,1.03519,5798,14,12,233
175,AC(kT=0.5),600,1,11.6143,11.63,0.612308,6978,27,25.5,500
175,AC(kT=2.0),600,1,13.6616,13.68,-1.56157,8208,33,39,444
175,AC(kT=5.0),600,1,4.43401,4.44,0.69925,2664,11,9.5,279
175,AC(kT=10.0),600,1,6.51287,6.52167,-3.70242,3913,19,21.5,174
176,TWAP,600,1,10.4156,10.4,2.12447,6240,12,19.5,500
176,VWAP,600,1,12.5455,12.5267,0.254793,7516,18.5,14,445
176,POV(20%),600,1,14.3582,14.3367,-0.178622,8602,34,33.5,238
176,AC(kT=0.5),600,1,8.39092,8.37833,0.812509,5027,16.5,14,500
176,AC(kT=2.0),600,1,8.18895,8.17667,1.51504,4906,7.5,11.5,444
176,AC(kT=5.0),600,1,6.42798,6.41833,-3.97956,3851,12,13,279
176,AC(kT=10.0),600,1,3.97263,3.96667,-5.24248,2380,12.5,17,174
177,TWAP,600,1,-8.58581,-8.58667,0.445247,-5152,-20.5,-16.5,500
177,VWAP,600,1,1.72316,1.72333,0.992065,1034,4.5,6,445
177,POV(20%),524,0.873333,1.99647,1.99667,1.00408,856,4.5,4,218
177,AC(kT=0.5),600,1,-6.14105,-6.14167,-0.0306603,-3685,-3,-4,500
177,AC(kT=2.0),600,1,1.9598,1.96,1.04538,1176,4,3,444
177,AC(kT=5.0),600,1,-0.646602,-0.646667,1.879,-388,2.5,2.5,279
177,AC(kT=10.0),600,1,2.07479,2.075,5.51005,1245,-11.5,-12,174
178,TWAP,600,1,-1.62545,-1.62667,0.676887,-976,6,6,500
178,VWAP,600,1,-0.471313,-0.471667,0.984378,-283,1.5,0,445
178,POV(20%),600,1,5.51253,5.51667,0.585658,3310,13,11,230
178,AC(kT=0.5),600,1,-1.63711,-1.63833,0.613891,-983,4.5,5.5,500
178,AC(kT=2.0),600,1,-2.80623,-2.80833,1.31811,-1685,-3,-1.5,444
178,AC(kT=5.0),600,1,3.52902,3.53167,-0.648202,2119,3,3,279
178,AC(kT=10.0),600,1,2.72296,2.725,-5.29829,1635,13,13,174
179,TWAP,600,1,5.76971,5.77,1.03936,3462,7,4,500
179,VWAP,600,1,5.84637,5.84667,0.59595,3508,6,0,445
179,POV(20%),600,1,4.20146,4.20167,1.56694,2521,0.5,-2,229
179,AC(kT=0.5),600,1,-0.403313,-0.403333,0.907478,-242,-7.5,-11,500
179,AC(kT=2.0),600,1,4.26145,4.26167,0.1283,2557,10,6,444
179,AC(kT=5.0),600,1,5.45473,5.455,3.91186,3273,-8,-6,279
179,AC(kT=10.0),600,1,4.93142,4.93167,-0.525427,2959,4.5,7,174
180,TWAP,600,1,6.82596,6.81333,1.75415,4088,4,3.5,500
180,VWAP,600,1,12.7219,12.6983,1.0693,7619,16.5,14.5,445
180,POV(20%),600,1,10.638,10.6183,1.01689,6371,18,21.5,233
180,AC(kT=0.5),600,1,10.6297,10.61,1.32571,6366,12,15.5,500
180,AC(kT=2.0),600,1,9.86826,9.85,0.376224,5910,12,16.5,444
180,AC(kT=5.0),600,1,9.187,9.17,0.224601,5502,7.5,8.5,279
180,AC(kT=10.0),600,1,7.83282,7.81833,-3.60766,4691,13,14,174
181,TWAP,600,1,-19.6049,-19.6,-3.16233,-11760,-27,-32,500
181,VWAP,600,1,0.758523,0.758333,0.967329,455,3.5,4.5,445
181,POV(20%),600,1,2.61232,2.61167,1.40038,1567,2,-5.5,223
181,AC(kT=0.5),600,1,-1.26698,-1.26667,0.704754,-760,-2.5,2.5,500
181,AC(kT=2.0),600,1,9.05726,9.055,-1.34587,5433,24.5,22.5,444
181,AC(kT=5.0),600,1,3.15245,3.15167,0.177756,1891,-2,-1,279
181,AC(kT=10.0),600,1,3.59256,3.59167,-2.16037,2155,5.5,7,174
182,TWAP,600,1,5.13539,5.13333,1.83614,3080,8,7,500
182,VWAP,600,1,5.98239,5.98,0.943135,3588,11,9,445
182,POV(20%),586,0.976667,1.10377,1.10333,1.31707,767,-7.5,-2,232
182,AC(kT=0.5),600,1,-0.485194,-0.485,0.388659,-291,-2,-2,500
182,AC(kT=2.0),600,1,3.90156,3.9,1.47224,2340,-0.5,3,444
182,AC(kT=5.0),600,1,6.57596,6.57333,-0.134931,3944,2.5,3.5,279
182,AC(kT=10.0),600,1,5.4972,5.495,-3.95121,3297,10,11.5,174
183,TWAP,600,1,12.8,12.8167,3.50778,7690,15.5,15.5,500
183,VWAP,600,1,-0.727388,-0.728333,1.14439,-437,-1.5,-3.5,445
183,POV(20%),600,1,-0.552615,-0.553333,3.5244,-332,-16.5,-20.5,221
183,AC(kT=0.5),600,1,2.29701,2.3,0.756219,1380,3,0.5,500
183,AC(kT=2.0),600,1,1.538,1.54,1.18568,924,-0.5,-1,444
183,AC(kT=5.0),600,1,-3.28906,-3.29333,4.92185,-1976,-16,-19.5,279
183,AC(kT=10.0),600,1,2.94284,2.94667,1.9653,1768,6.5,3.5,174
184,TWAP,600,1,-8.8791,-8.87333,1.15081,-5324,-18.5,-18,500
184,VWAP,600,1,-3.43056,-3.42833,1.1014,-2057,-0.5,1,445
184,POV(20%),600,1,-1.9029,-1.90167,1.07082,-1141,0.5,-8.5,244
184,AC(kT=0.5),600,1,-4.44789,-4.445,1.12648,-2667,-10.5,-5.5,500
184,AC(kT=2.0),600,1,-6.01057,-6.00667,2.64528,-3604,-19,-21,444
184,AC(kT=5.0),600,1,0.0750488,0.075,-1.40938,45,5,4,279
184,AC(kT=10.0),600,1,0.335218,0.335,-2.90665,201,14.5,10.5,174
185,TWAP,600,1,0.968769,0.968333,1.93625,581,-1.5,2,500
185,VWAP,600,1,8.97737,8.97333,1.6762,5384,19.5,21.5,445
185,POV(20%),600,1,7.94691,7.94333,-2.19913,4766,26,27,221
185,AC(kT=0.5),600,1,-9.06241,-9.05833,3.11738,-5435,-25,-27.5,500
185,AC(kT=2.0),600,1,0.883731,0.883333,0.0864497,530,5,5,444
185,AC(kT=5.0),600,1,3.96512,3.96333,-2.20257,2378,7.5,14.5,279
185,AC(kT=10.0),600,1,1.44899,1.44833,7.85473,869,-18,-18,174
186,TWAP,600,1,10.5107,10.5033,1.26754,6302,19,20,500
186,VWAP,600,1,6.62964,6.625,1.10427,3975,14,14.5,445
186,POV(20%),600,1,12.0101,12.0017,0.446076,7201,20.5,25.5,217
186,AC(kT=0.5),600,1,1.73288,1.73167,0.663083,1039,4.5,0.5,500
186,AC(kT=2.0),600,1,2.26659,2.265,3.30747,1359,-10.5,-10,444
186,AC(kT=5.0),600,1,7.45188,7.44667,2.89575,4468,-3.5,-6,279
186,AC(kT=10.0),600,1,5.75403,5.75,-7.93705,3450,19.5,19.5,174
187,TWAP,600,1,12.1267,12.1267,2.09919,7276,16.5,11.5,500
187,VWAP,600,1,5.36,5.36,1.09209,3216,8,6.5,445
187,POV(20%),600,1,6.495,6.495,1.3719,3897,3,0,230
187,AC(kT=0.5),600,1,9.26333,9.26333,1.82277,5558,12.5,12,500
187,AC(kT=2.0),600,1,3.475,3.475,1.15697,2085,-1.5,-2.5,444
187,AC(kT=5.0),600,1,6.24333,6.24333,1.20693,3746,-0.5,-5.5,279
187,AC(kT=10.0),600,1,7.16167,7.16167,2.02423,4297,-0.5,-3,174
188,TWAP,600,1,-1.56146,-1.56333,0.260743,-938,-6,-7.5,500
188,VWAP,600,1,8.79611,8.80667,0.626651,5284,10.5,2.5,445
188,POV(20%),569,0.948333,7.04571,7.05417,1.11789,3969,8.5,3.5,234
188,AC(kT=0.5),600,1,5.06559,5.07167,1.21813,3043,7.5,10,500
188,AC(kT=2.0),600,1,1.81282,1.815,1.16831,1089,2.5,-4,444
188,AC(kT=5.0),600,1,4.96238,4.96833,2.78238,2981,-3,-3,279
188,AC(kT=10.0),600,1,5.19876,5.205,-0.969663,3123,5,3.5,174
189,TWAP,600,1,1.59284,1.59667,0.0546028,958,5,6,500
189,VWAP,600,1,-1.08573,-1.08833,1.93298,-653,2.5,3.5,445
189,POV(20%),600,1,9.56039,9.58333,0.548176,5750,15,16.5,223
189,AC(kT=0.5),600,1,1.9736,1.97833,-0.44067,1187,5.5,4,500
189,AC(kT=2.0),600,1,-1.90044,-1.905,1.09932,-1143,0,-4,444
189,AC(kT=5.0),600,1,3.27048,3.27833,-4.08385,1967,16,15,279
189,AC(kT=10.0),600,1,-0.199521,-0.2,6.73001,-120,-14.5,-18,174
190,TWAP,600,1,9.25084,9.26333,3.35855,5558,13,15.5,500
190,VWAP,600,1,-1.28327,-1.285,1.30009,-771,0,-0.5,445
190,POV(20%),600,1,9.54045,9.55333,0.516195,5732,13.5,12.5,210
190,AC(kT=0.5),600,1,-5.21796,-5.225,0.348494,-3135,-9.5,-4,500
190,AC(kT=2.0),600,1,-0.0582547,-0.0583333,0.676208,-35,2.5,-1,444
190,AC(kT=5.0),600,1,-2.99263,-2.99667,5.41101,-1798,-12.5,-13,279
190,AC(kT=10.0),600,1,3.11746,3.12167,0.439325,1873,8,7.5,174
191,TWAP,600,1,6.23885,6.23667,1.46431,3742,0.5,2.5,500
191,VWAP,600,1,2.84766,2.84667,0.97899,1708,4,12,445
191,POV(20%),600,1,2.13408,2.13333,1.00867,1280,2.5,5,217
191,AC(kT=0.5),600,1,9.32993,9.32667,1.92818,5596,9,6.5,500
191,AC(kT=2.0),600,1,0.893646,0.893333,1.7311,536,-9,-9.5,444
191,AC(kT=5.0),600,1,6.26386,6.26167,-9.51551,3757,28.5,30.5,279
191,AC(kT=10.0),600,1,4.91339,4.91167,0.318905,2947,5.5,8,174
192,TWAP,600,1,17.2197,17.23,5.78955,10338,17.5,20.5,500
192,VWAP,600,1,4.44233,4.445,1.46151,2667,7,9,445
192,POV(20%),600,1,4.59391,4.59667,1.61677,2758,3.5,3,208
192,AC(kT=0.5),600,1,14.1082,14.1167,3.3243,8470,25.5,25,500
192,AC(kT=2.0),600,1,4.45733,4.46,0.647674,2676,11,13.5,444
192,AC(kT=5.0),600,1,7.74036,7.745,-2.03472,4647,11,10.5,279
192,AC(kT=10.0),600,1,6.59105,6.595,-3.83222,3957,19.5,19.5,174
193,TWAP,600,1,-1.94571,-1.94833,-0.229197,-1169,3,5.5,500
193,VWAP,600,1,8.29547,8.30667,0.699,4984,8.5,6,445
193,POV(20%),600,1,4.11611,4.12167,1.22625,2473,5.5,8,224
193,AC(kT=0.5),600,1,-6.76919,-6.77833,-0.0180872,-4067,-16,-16.5,500
193,AC(kT=2.0),600,1,10.138,10.1517,2.56064,6091,-0.5,-1.5,444
193,AC(kT=5.0),600,1,9.75184,9.765,-3.19195,5859,18,22,279
193,AC(kT=10.0),600,1,5.34612,5.35333,2.6816,3212,-0.5,1,174
194,TWAP,600,1,4.25787,4.26,1.24936,2556,12.5,13,500
194,VWAP,600,1,-4.15292,-4.155,0.994083,-2493,-7,-3.5,445
194,POV(20%),600,1,1.51591,1.51667,1.37437,910,-1.5,1,237
194,AC(kT=0.5),600,1,3.99967,4.00167,1.33125,2401,14.5,18,500
194,AC(kT=2.0),600,1,-6.84658,-6.85,1.0445,-4110,-13,-17,444
194,AC(kT=5.0),600,1,1.01616,1.01667,2.30871,610,-2,-0.5,279
194,AC(kT=10.0),600,1,1.5992,1.6,2.94218,960,-8,-14,174
195,TWAP,600,1,4.75499,4.75,1.32975,2850,13.5,10,500
195,VWAP,600,1,7.64803,7.64,0.724568,4584,19,23,445
195,POV(20%),600,1,4.14602,4.14167,1.64992,2485,-1,5,217
195,AC(kT=0.5),600,1,7.51789,7.51,1.694,4506,15.5,19,500
195,AC(kT=2.0),600,1,5.80776,5.80167,0.250038,3481,9,8,444
195,AC(kT=5.0),600,1,5.04196,5.03667,-1.13853,3022,8.5,5.5,279
195,AC(kT=10.0),600,1,3.90577,3.90167,-1.26166,2341,12,8,174
196,TWAP,600,1,3.01592,3.01833,0.776144,1811,6.5,7.5,500
196,VWAP,600,1,5.38736,5.39167,0.89572,3235,7.5,6.5,445
196,POV(20%),600,1,9.72722,9.735,0.792121,5841,25,27,231
196,AC(kT=0.5),600,1,13.0246,13.035,2.17204,7821,26,23.5,500
196,AC(kT=2.0),600,1,6.22502,6.23,0.208822,3738,10.5,13,444
196,AC(kT=5.0),600,1,5.36238,5.36667,-2.62913,3220,16,13.5,279
196,AC(kT=10.0),600,1,5.14755,5.15167,1.11353,3091,2.5,6.5,174
197,TWAP,600,1,-21.8221,-21.8167,-2.72049,-13090,-29,-30,500
197,VWAP,600,1,0.60015,0.6,0.413034,360,-4,-5.5,445
197,POV(20%),600,1,4.10269,4.10167,0.404692,2461,7.5,11.5,226
197,AC(kT=0.5),600,1,-1.70709,-1.70667,0.348858,-1024,3,2,500
197,AC(kT=2.0),600,1,4.27607,4.275,1.59643,2565,-2,-3,444
197,AC(kT=5.0),600,1,3.71259,3.71167,0.166326,2227,4.5,6.5,279
197,AC(kT=10.0),600,1,3.23914,3.23833,-1.08025,1943,4.5,4.5,174
198,TWAP,600,1,7.19748,7.2,1.67119,4320,12.5,10,500
198,VWAP,600,1,6.76097,6.76333,0.809426,4058,12.5,10.5,445
198,POV(20%),600,1,3.69204,3.69333,1.33392,2216,-1,-1.5,224
198,AC(kT=0.5),600,1,3.97694,3.97833,1.10977,2387,9,10.5,500
198,AC(kT=2.0),600,1,6.7593,6.76167,-0.0473527,4057,15,11,444
198,AC(kT=5.0),600,1,3.17389,3.175,0.473159,1905,5,4.5,279
198,AC(kT=10.0),600,1,3.50211,3.50333,-0.171805,2102,3,1,174
199,TWAP,600,1,4.19395,4.195,1.12585,2517,5,6,500
199,VWAP,600,1,5.95185,5.95333,1.03831,3572,7,2,445
199,POV(20%),600,1,6.22511,6.22667,0.870281,3736,6.5,4.5,214
199,AC(kT=0.5),600,1,0.518204,0.518333,0.610226,311,-0.5,-2,500
199,AC(kT=2.0),600,1,5.90186,5.90333,0.924738,3542,6.5,3.5,444
199,AC(kT=5.0),600,1,5.40865,5.41,-0.671588,3246,9,8,279
199,AC(kT=10.0),600,1,5.51695,5.51833,-1.21093,3311,1.5,-1.5,174
200,TWAP,600,1,6.54637,6.54833,1.85523,3929,8,6.5,500
200,VWAP,600,1,10.4685,10.4717,2.071,6283,15.5,26.5,445
200,POV(20%),600,1,-1.6645,-1.665,3.15947,-999,-12,-9.5,228
200,AC(kT=0.5),600,1,8.33083,8.33333,1.30879,5000,-0.5,9,500
200,AC(kT=2.0),600,1,7.10454,7.10667,0.385603,4264,14,16.5,444
200,AC(kT=5.0),600,1,6.20314,6.205,-1.48854,3723,11.5,15,279
200,AC(kT=10.0),600,1,5.73661,5.73833,1.31541,3443,3.5,3,174
201,TWAP,600,1,1.68844,1.68667,1.00071,1012,4.5,5.5,500
201,VWAP,600,1,2.86968,2.86667,1.00032,1720,6.5,5,445
201,POV(20%),600,1,8.11686,8.10833,0.483516,4865,15,13,230
201,AC(kT=0.5),600,1,4.31453,4.31,1.08274,2586,7,7,500
201,AC(kT=2.0),600,1,1.9387,1.93667,0.987809,1162,0,-5,444
201,AC(kT=5.0),600,1,4.41297,4.40833,-0.450804,2645,9.5,9.5,279
201,AC(kT=10.0),600,1,3.31348,3.31,6.32631,1986,-4,-3,174
202,TWAP,600,1,2.87928,2.88,0.436636,1728,1,-2.5,500
202,VWAP,600,1,0.073315,0.0733333,0.212867,44,-2.5,4.5,445
202,POV(20%),600,1,11.3972,11.4,0.866912,6840,16.5,16.5,231
202,AC(kT=0.5),600,1,-0.099975,-0.1,-0.255617,-60,-2,-1,500
202,AC(kT=2.0),600,1,-2.2811,-2.28167,0.0359965,-1369,-8,-10,444
202,AC(kT=5.0),600,1,6.83829,6.84,2.04614,4104,1,3,279
202,AC(kT=10.0),600,1,9.30767,9.31,-0.907875,5586,10,8,174
203,TWAP,600,1,3.76567,3.77,1.20714,2262,4,4,500
203,VWAP,600,1,4.40327,4.40833,0.58796,2645,4.5,7,445
203,POV(20%),564,0.94,4.84776,4.85333,1.07035,2534,10.5,14.5,230
203,AC(kT=0.5),600,1,1.30683,1.30833,1.77524,785,-6,-6.5,500
203,AC(kT=2.0),600,1,6.04971,6.05667,-0.505711,3634,14.5,11.5,444
203,AC(kT=5.0),600,1,5.16573,5.17167,-3.32341,3103,13.5,12,279
203,AC(kT=10.0),600,1,3.35781,3.36167,-0.831619,2017,7,9,174
204,TWAP,600,1,3.07136,3.07167,1.47396,1843,4,8,500
204,VWAP,600,1,4.80952,4.81,0.995851,2886,9,12.5,445
204,POV(20%),600,1,2.35143,2.35167,0.874846,1411,7.5,14,226
204,AC(kT=0.5),600,1,2.69973,2.7,1.4379,1620,-0.5,2.5,500
204,AC(kT=2.0),600,1,5.18948,5.19,-0.195279,3114,11,11,444
204,AC(kT=5.0),600,1,2.28144,2.28167,-3.7788,1369,12.5,17,279
204,AC(kT=10.0),600,1,2.68806,2.68833,-3.18191,1613,15,27.5,174
205,TWAP,600,1,-10.5806,-10.5817,-0.712695,-6349,-22,-22,500
205,VWAP,600,1,6.93264,6.93333,1.30911,4160,9.5,10,445
205,POV(20%),600,1,-10.109,-10.11,1.84458,-6066,-29.5,-28,238
205,AC(kT=0.5),600,1,-6.33103,-6.33167,-0.310048,-3799,-8.5,-4.5,500
205,AC(kT=2.0),600,1,-1.47819,-1.47833,2.30506,-887,-12.5,-12,444
205,AC(kT=5.0),600,1,1.20988,1.21,0.615123,726,-2.5,-1.5,279
205,AC(kT=10.0),600,1,2.68806,2.68833,4.64733,1613,-6.5,-4,174
206,TWAP,600,1,2.26955,2.27,1.28181,1362,7,9.5,500
206,VWAP,600,1,8.00507,8.00667,1.02221,4804,9.5,11,445
206,POV(20%),584,0.973333,15.8402,15.8433,1.00132,9018,30.5,31,230
206,AC(kT=0.5),600,1,-5.40892,-5.41,0.323823,-3246,-12.5,-10.5,500
206,AC(kT=2.0),600,1,5.79884,5.8,1.37759,3480,6,8.5,444
206,AC(kT=5.0),600,1,3.80591,3.80667,-0.801635,2284,10,11.5,279
206,AC(kT=10.0),600,1,4.52076,4.52167,0.502321,2713,6,7.5,174
207,TWAP,600,1,-3.52955,-3.53167,3.15703,-2119,-4,-8,500
207,VWAP,600,1,-2.65174,-2.65333,0.426458,-1592,-10.5,-12.5,445
207,POV(20%),600,1,-9.80578,-9.81167,2.61422,-5887,-15.5,-15,212
207,AC(kT=0.5),600,1,-12.2293,-12.2367,-0.260685,-7342,-18,-19,500
207,AC(kT=2.0),600,1,-9.76914,-9.775,0.959807,-5865,-20,-17.5,444
207,AC(kT=5.0),600,1,8.57819,8.58333,-5.86951,5150,32.5,34,279
207,AC(kT=10.0),600,1,7.80865,7.81333,6.66049,4688,-8,-7.5,174
208,TWAP,600,1,-4.26355,-4.26333,-0.927143,-2558,-10,-4.5,500
208,VWAP,600,1,1.33673,1.33667,-0.245664,802,-7.5,-9,445
208,POV(20%),600,1,-0.943381,-0.943333,2.64646,-566,-8.5,-4,225
208,AC(kT=0.5),600,1,21.0327,21.0317,3.20607,12619,18.5,19.5,500
208,AC(kT=2.0),600,1,7.05202,7.05167,1.95712,4231,2.5,-0.5,444
208,AC(kT=5.0),600,1,3.15182,3.15167,6.63747,1891,-16,-17,279
208,AC(kT=10.0),600,1,8.84378,8.84333,-7.56237,5306,25.5,26,174
209,TWAP,600,1,4.57974,4.57333,1.76547,2744,0,2,500
209,VWAP,600,1,6.2354,6.22667,0.946588,3736,13.5,8,445
209,POV(20%),594,0.99,6.43067,6.42167,0.973219,3769,14,10.5,228
209,AC(kT=0.5),600,1,10.2093,10.195,2.25543,6117,16,17.5,500
209,AC(kT=2.0),600,1,7.85767,7.84667,0.00984935,4708,10,6,444
209,AC(kT=5.0),600,1,6.44569,6.43667,-1.81793,3862,11,9,279
209,AC(kT=10.0),600,1,5.33914,5.33167,-2.97796,3199,17.5,17,174
210,TWAP,600,1,9.82184,9.83167,1.68424,5899,16,10.5,500
210,VWAP,600,1,2.40759,2.41,1.02844,1446,7.5,17.5,445
210,POV(20%),600,1,-1.3653,-1.36667,1.24799,-820,-6,-3,235
210,AC(kT=0.5),600,1,4.1009,4.105,2.08724,2463,-5.5,-2.5,500
210,AC(kT=2.0),600,1,3.69131,3.695,-0.354633,2217,13.5,9.5,444
210,AC(kT=5.0),600,1,3.49317,3.49667,3.42441,2098,-5,-7.5,279
210,AC(kT=10.0),600,1,4.18082,4.185,14.9318,2511,-28.5,-29.5,174
211,TWAP,600,1,8.3325,8.33667,1.85247,5002,14,15,500
211,VWAP,600,1,9.86174,9.86667,0.424043,5920,14.5,17,445
211,POV(20%),600,1,7.94936,7.95333,1.07299,4772,7.5,5.5,215
211,AC(kT=0.5),600,1,0.144928,0.145,0.574076,87,-7,-6,500
211,AC(kT=2.0),600,1,7.81609,7.82,1.15989,4692,7,8.5,444
211,AC(kT=5.0),600,1,6.03865,6.04167,-3.11966,3625,19,19.5,279
211,AC(kT=10.0),600,1,5.23905,5.24167,-2.07724,3145,11,9.5,174
212,TWAP,600,1,15.7664,15.7617,2.87996,9457,24,29.5,500
212,VWAP,600,1,12.9122,12.9083,1.02495,7745,21,20.5,445
212,POV(20%),600,1,11.6001,11.5967,0.65613,6958,18.5,21,227
212,AC(kT=0.5),600,1,14.0409,14.0367,2.8387,8422,11.5,10,500
212,AC(kT=2.0),600,1,14.0976,14.0933,-0.475853,8456,25.5,26.5,444
212,AC(kT=5.0),600,1,10.143,10.14,-2.47261,6084,9.5,12.5,279
212,AC(kT=10.0),600,1,1.80721,1.80667,16.5892,1084,-24,-26.5,174
213,TWAP,600,1,6.2083,6.20333,0.678253,3722,15.5,18.5,500
213,VWAP,600,1,8.24326,8.23667,1.00263,4942,11.5,13.5,445
213,POV(20%),600,1,8.69696,8.69,1.00486,5214,10,8,222
213,AC(kT=0.5),600,1,8.54684,8.54,1.50575,5124,17.5,22,500
213,AC(kT=2.0),600,1,3.82639,3.82333,2.24232,2294,-3.5,-5,444
213,AC(kT=5.0),600,1,5.72625,5.72167,1.65541,3433,-2,1,279
213,AC(kT=10.0),600,1,5.41266,5.40833,-1.36619,3245,9.5,10,174
214,TWAP,600,1,-2.34568,-2.34333,1.02599,-1406,-1,0,500
214,VWAP,600,1,8.07641,8.06833,1.57748,4841,20.5,18.5,445
214,POV(20%),600,1,-7.98632,-7.97833,1.39506,-4787,-11.5,-15,225
214,AC(kT=0.5),600,1,-5.79413,-5.78833,-0.284576,-3473,-10.5,-14,500
214,AC(kT=2.0),600,1,0.580581,0.58,2.32153,348,-13,-10,444
214,AC(kT=5.0),600,1,0.0967634,0.0966667,1.57536,58,0.5,1,279
214,AC(kT=10.0),600,1,0.0734067,0.0733333,4.6616,44,-11.5,-10,174
215,TWAP,600,1,4.5453,4.54167,1.60125,2725,5.5,1,500
215,VWAP,600,1,1.72138,1.72,0.942544,1032,-1.5,6.5,445
215,POV(20%),600,1,4.22338,4.22,1.10632,2532,4.5,8.5,228
215,AC(kT=0.5),600,1,8.28663,8.28,0.459784,4968,10,8,500
215,AC(kT=2.0),600,1,4.88224,4.87833,0.93232,2927,5,4.5,444
215,AC(kT=5.0),600,1,3.9982,3.995,1.17582,2397,-3,-4,279
215,AC(kT=10.0),600,1,3.64125,3.63833,-8.54632,2183,15.5,17,174
216,TWAP,600,1,3.43213,3.43333,1.13276,2060,8.5,6.5,500
216,VWAP,600,1,3.12724,3.12833,0.746706,1877,12.5,13,445
216,POV(20%),600,1,-0.421519,-0.421667,0.825107,-253,5,6.5,208
216,AC(kT=0.5),600,1,-3.21721,-3.21833,0.616466,-1931,-1.5,6.5,500
216,AC(kT=2.0),600,1,-0.0349878,-0.035,3.06411,-21,-13.5,0,444
216,AC(kT=5.0),600,1,0.839706,0.84,2.50147,504,-9,-10.5,279
216,AC(kT=10.0),600,1,2.20423,2.205,4.98411,1323,-13,-16,174
217,TWAP,600,1,-7.13143,-7.135,-0.50116,-4281,-5.5,-6,500
217,VWAP,600,1,14.8559,14.8633,1.66704,8918,32.5,33,445
217,POV(20%),600,1,5.83042,5.83333,1.12525,3500,8.5,9,233
217,AC(kT=0.5),600,1,-8.10262,-8.10667,-0.361377,-4864,-11,-15.5,500
217,AC(kT=2.0),600,1,4.69099,4.69333,0.962206,2816,6.5,8,444
217,AC(kT=5.0),600,1,-0.009995,-0.01,1.85307,-6,-7,-11,279
217,AC(kT=10.0),600,1,4.15959,4.16167,-2.98655,2497,14,15.5,174
218,TWAP,600,1,-2.6847,-2.68,0.232335,-1608,11.5,9.5,500
218,VWAP,600,1,0.671175,0.67,0.3891,402,0.5,5.5,445
218,POV(20%),600,1,-1.32398,-1.32167,1.08794,-793,0,0,205
218,AC(kT=0.5),600,1,-7.12246,-7.11,1.05939,-4266,-5.5,-7.5,500
218,AC(kT=2.0),600,1,0.694549,0.693333,1.135,416,1,5,444
218,AC(kT=5.0),600,1,1.63787,1.635,6.12692,981,-16,-16.5,279
218,AC(kT=10.0),600,1,4.46949,4.46167,-9.15107,2677,27,26.5,174
219,TWAP,600,1,6.10744,6.105,1.69616,3663,9,8,500
219,VWAP,600,1,6.15079,6.14833,0.838271,3689,7,4,446
219,POV(20%),570,0.95,8.14492,8.14167,0.971145,4525,12,11,237
219,AC(kT=0.5),600,1,3.41136,3.41,0.654996,2046,8.5,3.5,500
219,AC(kT=2.0),600,1,9.53048,9.52667,-0.434099,5716,23.5,27,444
219,AC(kT=5.0),600,1,5.88735,5.885,0.0677914,3531,10,12,279
219,AC(kT=10.0),600,1,6.01407,6.01167,-10.4564,3607,24.5,31,174
220,TWAP,600,1,-6.07606,-6.07667,0.191821,-3646,-13,-13,500
220,VWAP,600,1,1.33487,1.335,1.63084,801,8,4,445
220,POV(20%),596,0.993333,1.70816,1.70833,1.22042,999,6.5,6,226
220,AC(kT=0.5),600,1,-3.08969,-3.09,0.95024,-1854,-15,-16.5,500
220,AC(kT=2.0),600,1,4.3579,4.35833,1.77531,2615,8.5,10,444
220,AC(kT=5.0),600,1,4.28624,4.28667,0.941633,2572,2.5,0,279
220,AC(kT=10.0),600,1,4.51788,4.51833,-3.32344,2711,14.5,16,174
221,TWAP,600,1,9.49403,9.48833,1.60005,5693,11.5,14,500
221,VWAP,600,1,4.99466,4.99167,1.01486,2995,2,-2.5,445
221,POV(20%),600,1,15.8695,15.86,1.05157,9516,20,21,233
221,AC(kT=0.5),600,1,11.2184,11.2117,1.94557,6727,12.5,13,500
221,AC(kT=2.0),600,1,5.76012,5.75667,1.10973,3454,2.5,18,444
221,AC(kT=5.0),600,1,6.3905,6.38667,0.427047,3832,4.5,3,279
221,AC(kT=10.0),600,1,6.09032,6.08667,-10.9954,3652,25.5,24.5,174
222,TWAP,600,1,11.8204,11.8233,1.59584,7094,19.5,19,500
222,VWAP,600,1,14.4664,14.47,1.14617,8682,22,24,445
222,POV(20%),583,0.971667,10.2883,10.2908,1.18506,5987.5,11,12.5,225
222,AC(kT=0.5),600,1,12.3519,12.355,2.54001,7413,16,15,500
222,AC(kT=2.0),600,1,11.0239,11.0267,0.437197,6616,15,18,444
222,AC(kT=5.0),600,1,5.64192,5.64333,1.84182,3386,1,0.5,279
222,AC(kT=10.0),600,1,6.30009,6.30167,1.42818,3781,-1.5,-1.5,174
223,TWAP,600,1,0.453129,0.453333,1.10846,272,0,-3,500
223,VWAP,600,1,1.68424,1.685,1.12552,1011,9.5,6.5,445
223,POV(20%),600,1,-3.52008,-3.52167,2.86051,-2113,-10,-9.5,219
223,AC(kT=0.5),600,1,-6.85525,-6.85833,-0.146137,-4115,-10.5,-5,500
223,AC(kT=2.0),600,1,-5.41756,-5.42,1.83228,-3252,-15.5,-13.5,444
223,AC(kT=5.0),600,1,2.46223,2.46333,-0.448319,1478,4.5,5,279
223,AC(kT=10.0),600,1,2.90203,2.90333,-2.03089,1742,16,19,174
224,TWAP,600,1,9.43972,9.435,2.04152,5661,25.5,24,500
224,VWAP,600,1,-1.19226,-1.19167,0.940905,-715,-3.5,-2.5,445
224,POV(20%),594,0.99,-0.83375,-0.833333,1.33603,-479,-3.5,-2.5,223
224,AC(kT=0.5),600,1,0.667,0.666667,1.57402,400,-3,0.5,500
224,AC(kT=2.0),600,1,0.49358,0.493333,0.47201,296,1.5,10.5,444
224,AC(kT=5.0),600,1,2.41287,2.41167,-1.67072,1447,6,5,279
224,AC(kT=10.0),600,1,3.53177,3.53,-4.43357,2118,16,22.5,174
225,TWAP,600,1,3.15617,3.15333,0.501062,1892,9,10,500
225,VWAP,600,1,4.11037,4.10667,0.994503,2464,3,4,445
225,POV(20%),600,1,2.86258,2.86,1.51679,1716,-1,-4.5,226
225,AC(kT=0.5),600,1,8.16235,8.155,1.81167,4893,19,23.5,500
225,AC(kT=2.0),600,1,1.93341,1.93167,1.12121,1159,2,2.5,444
225,AC(kT=5.0),600,1,4.82267,4.81833,-0.706327,2891,10.5,8.5,279
225,AC(kT=10.0),600,1,4.74093,4.73667,-2.32553,2842,14.5,18.5,174
226,TWAP,600,1,4.84479,4.84333,1.25524,2906,10,9,500
226,VWAP,600,1,-0.680204,-0.68,1.26426,-408,0.5,9.5,445
226,POV(20%),600,1,-1.71885,-1.71833,0.829516,-1031,5,6,220
226,AC(kT=0.5),600,1,4.39132,4.39,1.46374,2634,8,10.5,500
226,AC(kT=2.0),600,1,0.41179,0.411667,0.464066,247,2,0,444
226,AC(kT=5.0),600,1,-0.746891,-0.746667,-1.7034,-448,2,4,279
226,AC(kT=10.0),600,1,-0.563502,-0.563333,-0.21329,-338,4.5,13,174
227,TWAP,600,1,3.49544,3.49667,1.66245,2098,6,3.5,500
227,VWAP,600,1,4.54341,4.545,0.803331,2727,1.5,1,445
227,POV(20%),600,1,0.621449,0.621667,2.8496,373,-14,-19,229
227,AC(kT=0.5),600,1,6.64101,6.64333,1.82629,3986,5,7.5,500
227,AC(kT=2.0),600,1,-0.196598,-0.196667,2.04045,-118,-8.5,-11,444
227,AC(kT=5.0),600,1,6.13119,6.13333,-3.16729,3680,14,11.5,279
227,AC(kT=10.0),600,1,3.99194,3.99333,-1.05034,2396,-9,-12.5,174
228,TWAP,600,1,-0.690311,-0.69,0.975671,-414,2.5,1.5,500
228,VWAP,600,1,0.285128,0.285,0.943163,171,0,7,445
228,POV(20%),588,0.98,-3.03637,-3.035,1.04559,-1731,-7.5,-5,227
228,AC(kT=0.5),600,1,7.96525,7.96167,2.38343,4777,11,13.5,500
228,AC(kT=2.0),600,1,-1.04881,-1.04833,1.27156,-629,-6,-6.5,444
228,AC(kT=5.0),600,1,2.71455,2.71333,1.1648,1628,-2,12.5,279
228,AC(kT=10.0),600,1,2.73957,2.73833,-2.42638,1643,16.5,22,174
229,TWAP,600,1,5.91048,5.91167,1.79839,3547,5,7.5,500
229,VWAP,600,1,3.44598,3.44667,0.957292,2068,-1.5,-6,445
229,POV(20%),595,0.991667,1.27141,1.27167,1.29555,773,-2,-3,237
229,AC(kT=0.5),600,1,1.17976,1.18,0.485016,708,1.5,5.5,500
229,AC(kT=2.0),600,1,3.90589,3.90667,1.4448,2344,1.5,1,444
229,AC(kT=5.0),600,1,5.17563,5.17667,-0.327584,3106,5.5,8,279
229,AC(kT=10.0),600,1,4.87069,4.87167,-2.53577,2923,14.5,16.5,174
230,TWAP,600,1,6.90667,6.90667,0.0600437,4144,16,15,500
230,VWAP,600,1,10.275,10.275,0.626687,6165,14.5,11.5,445
230,POV(20%),600,1,10.235,10.235,1.30509,6141,8,5.5,238
230,AC(kT=0.5),600,1,2.54,2.54,0.694028,1524,-2.5,-1.5,500
230,AC(kT=2.0),600,1,8.42333,8.42333,0.772622,5054,9.5,6,444
230,AC(kT=5.0),600,1,8.805,8.805,2.84141,5283,3.5,5,279
230,AC(kT=10.0),600,1,8.605,8.605,3.73432,5163,-5.5,-5,174
231,TWAP,600,1,-4.31778,-4.32167,0.913511,-2593,-14.5,-12.5,500
231,VWAP,600,1,-0.676058,-0.676667,1.01254,-406,-7,-8.5,445
231,POV(20%),600,1,0.0149865,0.015,1.53922,9,-2,-1.5,223
231,AC(kT=0.5),600,1,6.66067,6.66667,1.95394,4000,7,8,500
231,AC(kT=2.0),600,1,-0.0149865,-0.015,1.60348,-9,-5.5,-14.5,444
231,AC(kT=5.0),600,1,1.05738,1.05833,0.890452,635,-2.5,2.5,279
231,AC(kT=10.0),600,1,1.31382,1.315,-0.875386,789,6.5,7.5,174
232,TWAP,600,1,-1.74174,-1.74,0.803966,-1044,5,6,500
232,VWAP,600,1,-5.99099,-5.985,0.646625,-3591,-5,-8,445
232,POV(20%),600,1,0.39039,0.39,1.10715,234,4.5,7,217
232,AC(kT=0.5),600,1,-1.47648,-1.475,0.810003,-885,4,5.5,500
232,AC(kT=2.0),600,1,-1.83851,-1.83667,1.77253,-1102,-9,-10,444
232,AC(kT=5.0),600,1,0.2002,0.2,-3.5854,120,13,12.5,279
232,AC(kT=10.0),600,1,0.342009,0.341667,2.84419,205,-5,-5.5,174
233,TWAP,600,1,7.5149,7.52167,2.47473,4513,8,7,500
233,VWAP,600,1,-2.53272,-2.535,0.836656,-1521,-5,-8.5,445
233,POV(20%),600,1,2.70756,2.71,0.810611,1626,6,6.5,229
233,AC(kT=0.5),600,1,0.35135,0.351667,1.17549,211,-3.5,-2,500
233,AC(kT=2.0),600,1,3.52017,3.52333,1.13951,2114,3.5,7,444
233,AC(kT=5.0),600,1,2.68259,2.685,0.36,1611,5.5,8,279
233,AC(kT=10.0),600,1,3.14883,3.15167,2.44236,1891,-1.5,-1.5,174
234,TWAP,600,1,10.2213,10.2233,2.67316,6134,17.5,15,500
234,VWAP,600,1,4.30581,4.30667,0.938786,2584,3,-2.5,445
234,POV(20%),600,1,-5.36393,-5.365,2.43872,-3219,-11.5,-8.5,235
234,AC(kT=0.5),600,1,11.9676,11.97,3.08397,7182,17,18,500
234,AC(kT=2.0),600,1,3.96587,3.96667,0.330828,2380,8.5,9,444
234,AC(kT=5.0),600,1,1.57135,1.57167,1.92807,943,-4.5,-8,279
234,AC(kT=10.0),600,1,3.19603,3.19667,0.233994,1918,-5.5,1,174
235,TWAP,600,1,6.82159,6.825,1.36314,4095,7,15,500
235,VWAP,600,1,1.4043,1.405,1.50787,843,1,-8,445
235,POV(20%),600,1,9.05214,9.05667,0.98412,5434,8.5,6,227
235,AC(kT=0.5),600,1,9.99833,10.0033,0.274937,6002,20.5,20.5,500
235,AC(kT=2.0),600,1,7.91937,7.92333,0.31162,4754,13,14.5,444
235,AC(kT=5.0),600,1,2.25554,2.25667,7.66597,1354,-10.5,-14,279
235,AC(kT=10.0),600,1,4.54606,4.54833,3.26765,2729,9,9.5,174
236,TWAP,600,1,6.41231,6.40333,1.01702,3842,14.5,25,500
236,VWAP,600,1,14.4436,14.4233,1.40887,8654,16,22,445
236,POV(20%),600,1,11.3242,11.3083,-0.315381,6785,12.5,13,180
236,AC(kT=0.5),600,1,11.6847,11.6683,2.7866,7001,8.5,15,500
236,AC(kT=2.0),600,1,21.1947,21.165,3.08053,12699,28,31,444
236,AC(kT=5.0),600,1,11.9951,11.9783,2.6149,7187,12,18,279
236,AC(kT=10.0),600,1,11.9701,11.9533,-2.83348,7172,20,23,174
237,TWAP,600,1,-3.83211,-3.83,-0.535956,-2298,-1.5,-3.5,500
237,VWAP,600,1,0.29016,0.29,0.8005,174,-7.5,-4,445
237,POV(20%),600,1,3.86212,3.86,2.04612,2316,-6,-1,215
237,AC(kT=0.5),600,1,0.908833,0.908333,0.731708,545,3,-4,500
237,AC(kT=2.0),600,1,0.523621,0.523333,1.06413,314,0,-4,444
237,AC(kT=5.0),600,1,4.27402,4.27167,0.884769,2563,4.5,10,279
237,AC(kT=10.0),600,1,4.52415,4.52167,9.54304,2713,-23,-24.5,174
238,TWAP,600,1,12.961,12.9733,1.62289,7784,26,27.5,500
238,VWAP,600,1,6.58042,6.58667,0.510994,3952,11.5,15,445
238,POV(20%),600,1,3.86133,3.865,0.958312,2319,4,5,246
238,AC(kT=0.5),600,1,3.49668,3.5,1.03074,2100,3,3,500
238,AC(kT=2.0),600,1,-0.338012,-0.338333,1.68202,-203,-7.5,-8.5,444
238,AC(kT=5.0),600,1,2.4893,2.49167,0.0105429,1495,8,16.5,279
238,AC(kT=10.0),600,1,3.83802,3.84167,-7.31177,2305,19.5,23,174
239,TWAP,600,1,5.75472,5.74667,1.85685,3448,12.5,15.5,500
239,VWAP,600,1,4.6682,4.66167,-0.141332,2797,15.5,13.5,445
239,POV(20%),600,1,0.0517391,0.0516667,1.37852,31,-3,-5,218
239,AC(kT=0.5),600,1,8.49356,8.48167,1.84182,5089,13.5,13,500
239,AC(kT=2.0),600,1,2.05621,2.05333,0.559444,1232,7,8.5,444
239,AC(kT=5.0),600,1,5.77976,5.77167,-1.31561,3463,7,6.5,279
239,AC(kT=10.0),600,1,4.22258,4.21667,-0.305749,2530,12,22.5,174
240,TWAP,600,1,2.03358,2.035,1.87517,1221,-3,-4.5,500
240,VWAP,600,1,3.98887,3.99167,1.23048,2395,11,22.5,445
240,POV(20%),600,1,2.77639,2.77833,1.46985,1667,0.5,-3,216
240,AC(kT=0.5),600,1,3.15113,3.15333,1.48062,1892,4.5,5.5,500
240,AC(kT=2.0),600,1,3.97222,3.975,1.26939,2385,5,9,444
240,AC(kT=5.0),600,1,2.07188,2.07333,4.59005,1244,-8.5,-8,279
240,AC(kT=10.0),600,1,3.9972,4,5.44056,2400,-4.5,-9,174
241,TWAP,600,1,-5.25956,-5.25667,-0.387781,-3154,-15.5,-8,500
241,VWAP,600,1,5.09113,5.08833,1.06792,3053,7,14,445
241,POV(20%),598,0.996667,-0.153418,-0.153333,1.07765,-80,-6,-8.5,227
241,AC(kT=0.5),600,1,-0.705388,-0.705,0.297691,-423,-2.5,-1,500
241,AC(kT=2.0),600,1,2.84823,2.84667,2.60908,1708,-4,-2.5,444
241,AC(kT=5.0),600,1,4.19064,4.18833,-2.52949,2513,9,8.5,279
241,AC(kT=10.0),600,1,4.81598,4.81333,-1.49403,2888,6.5,8.5,174
242,TWAP,600,1,22.1355,22.1333,5.2026,13280,31,33,500
242,VWAP,600,1,8.74921,8.74833,1.03006,5249,12.5,8.5,445
242,POV(20%),600,1,9.12925,9.12833,1.36676,5477,11,12.5,233
242,AC(kT=0.5),600,1,-0.325033,-0.325,0.876915,-195,-5.5,-8.5,500
242,AC(kT=2.0),600,1,9.11424,9.11333,0.870816,5468,11.5,9.5,444
242,AC(kT=5.0),600,1,9.85932,9.85833,1.1358,5915,5,4,279
242,AC(kT=10.0),600,1,7.68243,7.68167,1.37845,4609,5,5,174
243,TWAP,600,1,4.97227,4.975,1.34168,2985,6,7.5,500
243,VWAP,600,1,11.0822,11.0883,0.714893,6653,13,13,445
243,POV(20%),600,1,10.4792,10.485,1.56075,6291,4,3,229
243,AC(kT=0.5),600,1,7.70076,7.705,1.08576,4623,13.5,15,500
243,AC(kT=2.0),600,1,10.4409,10.4467,1.30409,6268,6.5,8,444
243,AC(kT=5.0),600,1,8.90843,8.91333,-2.69945,5348,15,12,279
243,AC(kT=10.0),600,1,7.29266,7.29667,-3.76519,4378,11,11.5,174
244,TWAP,600,1,-1.75061,-1.75,2.1914,-1050,-13.5,-14.5,500
244,VWAP,600,1,1.06871,1.06833,0.576146,641,-1,4.5,445
244,POV(20%),600,1,7.74271,7.74,0.9073,4644,11,8.5,239
244,AC(kT=0.5),600,1,7.11916,7.11667,0.509683,4270,15.5,16.5,500
244,AC(kT=2.0),600,1,2.53589,2.535,-0.633307,1521,11.5,14.5,444
244,AC(kT=5.0),600,1,3.88469,3.88333,-0.452486,2330,7,4,279
244,AC(kT=10.0),600,1,2.99271,2.99167,0.682815,1795,3.5,3.5,174
245,TWAP,600,1,-9.36172,-9.365,-1.46666,-5619,-12,-17.5,500
245,VWAP,600,1,-6.87593,-6.87833,0.646005,-4127,-15.5,-16.5,445
245,POV(20%),600,1,7.95721,7.96,2.77629,4776,-6,-7,221
245,AC(kT=0.5),600,1,-0.601456,-0.601667,1.38796,-361,-5.5,-3.5,500
245,AC(kT=2.0),600,1,-0.59146,-0.591667,1.06851,-355,-3.5,-2,444
245,AC(kT=5.0),600,1,6.21782,6.22,-3.64488,3732,13.5,12.5,279
245,AC(kT=10.0),600,1,4.11189,4.11333,1.95107,2468,-11,-13.5,174
246,TWAP,600,1,-11.6977,-11.7,-0.351122,-7020,-15,-16.5,500
246,VWAP,600,1,-8.24335,-8.245,1.32512,-4947,-18,-20,445
246,POV(20%),600,1,-6.42705,-6.42833,1.52421,-3857,-11,-8.5,227
246,AC(kT=0.5),600,1,-8.79657,-8.79833,0.0244374,-5279,-12.5,-22.5,500
246,AC(kT=2.0),600,1,-5.14564,-5.14667,1.25797,-3088,-7.5,-5,444
246,AC(kT=5.0),600,1,-0.98147,-0.981667,0.526953,-589,2.5,11.5,279
246,AC(kT=10.0),600,1,-0.314937,-0.315,4.98986,-189,-4.5,-2.5,174
247,TWAP,600,1,0.421561,0.421667,0.692952,253,2,3.5,500
247,VWAP,600,1,6.56336,6.565,0.258232,3939,17.5,18.5,445
247,POV(20%),600,1,10.7123,10.715,-2.43662,6429,27,33.5,233
247,AC(kT=0.5),600,1,3.06757,3.06833,0.549265,1841,4,0.5,500
247,AC(kT=2.0),600,1,2.17946,2.18,0.979922,1308,3,1.5,444
247,AC(kT=5.0),600,1,3.8557,3.85667,-3.65585,2314,17,14,279
247,AC(kT=10.0),600,1,3.42248,3.42333,0.207396,2054,1.5,-2,174
248,TWAP,600,1,7.05359,7.055,1.72372,4233,9.5,11,500
248,VWAP,600,1,-0.31827,-0.318333,1.03404,-191,-3,-3.5,445
248,POV(20%),600,1,2.05126,2.05167,1.61834,1231,-2.5,1.5,224
248,AC(kT=0.5),600,1,-2.3562,-2.35667,1.04621,-1414,-10,-9.5,500
248,AC(kT=2.0),600,1,3.73925,3.74,1.24295,2244,-2.5,-16.5,444
248,AC(kT=5.0),600,1,3.97254,3.97333,2.0003,2384,1,0.5,279
248,AC(kT=10.0),600,1,5.97714,5.97833,2.93107,3587,0.5,-3.5,174
249,TWAP,600,1,0.851582,0.851667,0.960157,511,4,2,500
249,VWAP,600,1,-0.87158,-0.871667,1.65545,-523,-2.5,-7.5,445
249,POV(20%),600,1,1.23988,1.24,1.223,744,3,5.5,240
249,AC(kT=0.5),600,1,0.841583,0.841667,0.920196,505,3,2,500
249,AC(kT=2.0),600,1,1.25821,1.25833,0.637825,755,3,5,444
249,AC(kT=5.0),600,1,1.51152,1.51167,0.309046,907,-3,-1,279
249,AC(kT=10.0),600,1,1.9548,1.955,-0.85759,1173,5.5,5,174
250,TWAP,600,1,6.14267,6.14667,2.13812,3688,5,6.5,500
250,VWAP,600,1,0.579623,0.58,0.94304,348,0,-3.5,445
250,POV(20%),599,0.998333,2.32682,2.32833,1.11377,1392.5,4.5,3.5,217
250,AC(kT=0.5),600,1,15.2168,15.2267,3.94885,9136,30.5,33,500
250,AC(kT=2.0),600,1,1.08096,1.08167,0.399703,649,4,5,444
250,AC(kT=5.0),600,1,3.09799,3.1,-4.91679,1860,10,6.5,279
250,AC(kT=10.0),600,1,3.04302,3.045,1.30328,1827,1.5,4,174
251,TWAP,600,1,18.2604,18.275,4.35394,10965,23.5,17,500
251,VWAP,600,1,5.59386,5.59833,1.15391,3359,6.5,7.5,445
251,POV(20%),600,1,10.7114,10.72,0.0832072,6432,24.5,26,219
251,AC(kT=0.5),600,1,11.0162,11.025,3.19365,6615,15,13,500
251,AC(kT=2.0),600,1,6.74627,6.75167,0.358015,4051,12.5,16,444
251,AC(kT=5.0),600,1,7.21756,7.22333,-0.879265,4334,12.5,14,279
251,AC(kT=10.0),600,1,6.52645,6.53167,-5.03775,3919,22,23,174
252,TWAP,600,1,6.38355,6.38833,0.412903,3833,11,9.5,500
252,VWAP,600,1,20.6862,20.7017,0.23533,12421,40,44.5,445
252,POV(20%),600,1,7.06304,7.06833,1.24252,4241,10.5,13.5,223
252,AC(kT=0.5),600,1,7.81081,7.81667,1.24822,4690,14.5,20,500
252,AC(kT=2.0),600,1,11.9694,11.9783,-0.0299732,7187,25.5,19,444
252,AC(kT=5.0),600,1,8.09559,8.10167,-0.601878,4861,3.5,3,279
252,AC(kT=10.0),600,1,6.7999,6.805,0.951465,4083,-3,1,174
253,TWAP,600,1,5.60475,5.60167,1.78732,3361,-3,-1.5,500
253,VWAP,600,1,-2.48804,-2.48667,1.07021,-1492,-11,-16,445
253,POV(20%),600,1,-4.82599,-4.82333,1.97748,-2894,-23,-20.5,232
253,AC(kT=0.5),600,1,5.84488,5.84167,1.93407,3505,6.5,6,500
253,AC(kT=2.0),600,1,1.18398,1.18333,0.810977,710,5,1.5,444
253,AC(kT=5.0),600,1,2.80321,2.80167,1.54139,1681,1,1,279
253,AC(kT=10.0),600,1,3.70037,3.69833,6.49378,2219,-14,-7.5,174
254,TWAP,600,1,6.20538,6.215,0.959176,3729,6.5,5.5,500
254,VWAP,600,1,0.963507,0.965,1.05161,579,-4,-8,445
254,POV(20%),600,1,-0.0116486,-0.0116667,2.61694,-7,-15,-16.5,218
254,AC(kT=0.5),600,1,7.956,7.96833,1.49221,4781,6.5,9,500
254,AC(kT=2.0),600,1,15.5376,15.5617,-0.0828605,9337,19,18,444
254,AC(kT=5.0),600,1,5.78603,5.795,0.997196,3477,3,2.5,279
254,AC(kT=10.0),600,1,6.6863,6.69667,-0.56934,4018,10,11,174
255,TWAP,600,1,-20.6198,-20.6167,-1.26335,-12370,-18,-16.5,500
255,VWAP,600,1,-11.8584,-11.8567,0.801408,-7114,-14,-15.5,445
255,POV(20%),600,1,-6.00423,-6.00333,2.65419,-3602,-17.5,-14,188
255,AC(kT=0.5),600,1,4.58402,4.58333,2.02792,2750,15,16.5,500
255,AC(kT=2.0),600,1,8.51294,8.51167,1.1532,5107,19.5,19,444
255,AC(kT=5.0),600,1,-3.12547,-3.125,2.78715,-1875,-7.5,-12.5,279
255,AC(kT=10.0),600,1,-0.501742,-0.501667,-0.638084,-301,8.5,10,174
256,TWAP,600,1,12.1557,12.135,0.080986,7281,27.5,28.5,500
256,VWAP,600,1,10.027,10.01,-0.149419,6006,14.5,13,445
256,POV(20%),600,1,11.9837,11.9633,1.02396,7178,15,21,235
256,AC(kT=0.5),600,1,13.6482,13.625,1.76682,8175,22.5,21.5,500
256,AC(kT=2.0),600,1,1.64947,1.64667,4.93207,988,-13,-13,444
256,AC(kT=5.0),600,1,6.48436,6.47333,-2.71068,3884,13.5,13,279
256,AC(kT=10.0),600,1,6.13376,6.12333,2.23887,3674,-4,-2,174
257,TWAP,600,1,-4.53721,-4.54333,0.575388,-2726,-8.5,-5,500
257,VWAP,600,1,2.04058,2.04333,0.946556,1226,-1.5,-1,445
257,POV(20%),600,1,8.21225,8.22333,-0.436388,4934,20,16,216
257,AC(kT=0.5),600,1,-16.3496,-16.3717,-0.323287,-9823,-30.5,-33,500
257,AC(kT=2.0),600,1,5.83379,5.84167,0.22403,3505,10.5,14,444
257,AC(kT=5.0),600,1,1.37814,1.38,-0.393721,828,2.5,8,279
257,AC(kT=10.0),600,1,2.76294,2.76667,-3.79341,1660,10,8,174
258,TWAP,600,1,-4.01281,-4.01,-0.0615871,-2406,6.5,8,500
258,VWAP,600,1,-3.07382,-3.07167,1.24137,-1843,-10,-12.5,445
258,POV(20%),600,1,-5.9108,-5.90667,-0.834558,-3544,1.5,2.5,232
258,AC(kT=0.5),600,1,-4.4331,-4.43,0.755825,-2658,-13,-12.5,500
258,AC(kT=2.0),600,1,2.07979,2.07833,0.512948,1247,-0.5,2.5,444
258,AC(kT=5.0),600,1,1.69285,1.69167,2.14461,1015,-5,-6,279
258,AC(kT=10.0),600,1,2.49842,2.49667,4.02949,1498,-4.5,-2,174
259,TWAP,600,1,7.49208,7.48833,0.942188,4493,12,18.5,500
259,VWAP,600,1,6.68834,6.685,0.875925,4011,7.5,8.5,445
259,POV(20%),600,1,6.83842,6.835,0.234059,4101,15.5,18,225
259,AC(kT=0.5),600,1,8.70435,8.7,1.20568,5220,12.5,12.5,500
259,AC(kT=2.0),600,1,4.90912,4.90667,0.777047,2944,2.5,4.5,444
259,AC(kT=5.0),600,1,7.8656,7.86167,-5.81525,4717,29.5,30.5,279
259,AC(kT=10.0),600,1,6.44489,6.44167,-0.793147,3865,7.5,10.5,174
260,TWAP,600,1,-9.61231,-9.62,-0.440479,-5772,-11.5,-10.5,500
260,VWAP,600,1,8.87457,8.88167,0.24008,5329,22,23,445
260,POV(20%),600,1,0.850986,0.851667,1.14911,511,1,5,219
260,AC(kT=0.5),600,1,-12.2036,-12.2133,-0.0382938,-7328,-14,-10.5,500
260,AC(kT=2.0),600,1,-0.556222,-0.556667,3.78127,-334,-0.5,11,444
260,AC(kT=5.0),600,1,-5.30242,-5.30667,8.0966,-3184,-25,-21.5,279
260,AC(kT=10.0),600,1,2.6229,2.625,-0.349081,1575,6,10,174
261,TWAP,600,1,-1.67849,-1.68,0.175148,-1008,4,7,500
261,VWAP,600,1,8.58561,8.59333,0.888039,5156,16.5,20.5,445
261,POV(20%),600,1,-1.77507,-1.77667,0.952394,-1066,0.5,3,232
261,AC(kT=0.5),600,1,-0.884204,-0.885,0.261053,-531,3,3,500
261,AC(kT=2.0),600,1,8.1127,8.12,-1.15667,4872,12.5,10,444
261,AC(kT=5.0),600,1,3.04892,3.05167,-1.44039,1831,6,1.5,279
261,AC(kT=10.0),600,1,3.31535,3.31833,-4.53514,1991,14,12.5,174
262,TWAP,600,1,-11.3376,-11.3167,-0.594499,-6790,-18,-19.5,500
262,VWAP,600,1,-6.39683,-6.385,0.938355,-3831,-10.5,-11.5,445
262,POV(20%),600,1,-8.70945,-8.69333,1.65769,-5216,-12,-12,215
262,AC(kT=0.5),600,1,-14.5753,-14.5483,-1.48471,-8729,-24.5,-27,500
262,AC(kT=2.0),600,1,2.24415,2.24,1.33317,1344,5.5,3.5,444
262,AC(kT=5.0),600,1,-5.51019,-5.5,2.92466,-3300,-14.5,-14,279
262,AC(kT=10.0),600,1,0.262152,0.261667,-3.51701,157,3.5,2,174
263,TWAP,600,1,-0.454682,-0.455,2.09775,-273,-7.5,-8,500
263,VWAP,600,1,-13.5389,-13.5483,0.202038,-8129,-17.5,-19.5,445
263,POV(20%),600,1,-1.65384,-1.655,0.272879,-993,5,0.5,218
263,AC(kT=0.5),600,1,2.73475,2.73667,1.42773,1642,13,10,500
263,AC(kT=2.0),600,1,-11.3321,-11.34,0.845231,-6804,-14.5,-12,444
263,AC(kT=5.0),600,1,-2.92295,-2.925,-0.906864,-1755,6,6.5,279
263,AC(kT=10.0),600,1,-0.306452,-0.306667,-1.53703,-184,0,2,174
264,TWAP,600,1,6.7263,6.73,1.30215,4038,12.5,5.5,500
264,VWAP,600,1,-5.17382,-5.17667,1.03297,-3106,-4,-1,445
264,POV(20%),600,1,-1.48252,-1.48333,0.724233,-890,4,12,232
264,AC(kT=0.5),600,1,5.99337,5.99667,1.24139,3598,10,9,500
264,AC(kT=2.0),600,1,-3.91951,-3.92167,0.321116,-2353,1.5,9,444
264,AC(kT=5.0),600,1,6.9645,6.96833,-7.08105,4181,27,31.5,279
264,AC(kT=10.0),600,1,2.88341,2.885,9.27879,1731,-18.5,-18.5,174
265,TWAP,600,1,7.12927,7.12,1.47288,4272,8.5,8,500
265,VWAP,600,1,6.72207,6.71333,0.757615,4028,10.5,9,445
265,POV(20%),600,1,7.60155,7.59167,0.79731,4555,14.5,14,225
265,AC(kT=0.5),600,1,4.67608,4.67,0.984068,2802,11.5,7.5,500
265,AC(kT=2.0),600,1,5.83592,5.82833,1.04703,3497,5.5,6,444
265,AC(kT=5.0),600,1,6.35993,6.35167,0.218046,3811,6.5,6,279
265,AC(kT=10.0),600,1,5.8743,5.86667,-0.338253,3520,14.5,26.5,174
266,TWAP,600,1,5.26105,5.265,1.76265,3159,1,-5,500
266,VWAP,600,1,-3.66059,-3.66333,1.18672,-2198,-12,-10.5,445
266,POV(20%),600,1,1.31068,1.31167,1.0399,787,4.5,5.5,227
266,AC(kT=0.5),600,1,7.30452,7.31,2.01938,4386,5,2.5,500
266,AC(kT=2.0),600,1,3.09102,3.09333,-0.442366,1856,12,14,444
266,AC(kT=5.0),600,1,7.84578,7.85167,-10.3255,4711,33.5,38,279
266,AC(kT=10.0),600,1,4.94796,4.95167,-1.7395,2971,6.5,8.5,174
267,TWAP,600,1,5.41717,5.415,1.06906,3249,9.5,15.5,500
267,VWAP,600,1,8.70348,8.7,0.790294,5220,17.5,18,445
267,POV(20%),600,1,7.30626,7.30333,1.01053,4382,10.5,11.5,219
267,AC(kT=0.5),600,1,7.16953,7.16667,0.539355,4300,13.5,11,500
267,AC(kT=2.0),600,1,6.71769,6.715,0.417032,4029,10.5,8,444
267,AC(kT=5.0),600,1,7.43798,7.435,-2.31511,4461,14,12.5,279
267,AC(kT=10.0),600,1,5.10538,5.10333,-0.638101,3062,3,-5.5,174
268,TWAP,600,1,-0.891488,-0.891667,2.85916,-535,-12.5,-11,500
268,VWAP,600,1,7.1719,7.17333,1.59616,4304,14,20.5,445
268,POV(20%),600,1,-2.44118,-2.44167,2.05582,-1465,-5.5,-7.5,221
268,AC(kT=0.5),600,1,-0.651536,-0.651667,0.541671,-391,8.5,4.5,500
268,AC(kT=2.0),600,1,-4.78571,-4.78667,1.82371,-2872,-10,-13.5,444
268,AC(kT=5.0),600,1,3.79591,3.79667,-2.96112,2278,11.5,7.5,279
268,AC(kT=10.0),600,1,2.61448,2.615,5.00733,1569,-6.5,-6.5,174
269,TWAP,600,1,15.3276,15.3283,4.6579,9197,12,10,500
269,VWAP,600,1,3.97313,3.97333,0.630369,2384,0,-1,445
269,POV(20%),600,1,9.74118,9.74167,0.501703,5845,14,16,209
269,AC(kT=0.5),600,1,20.404,20.405,4.30331,12243,26,21.5,500
269,AC(kT=2.0),600,1,6.94632,6.94667,0.851064,4168,5,5,444
269,AC(kT=5.0),600,1,3.97647,3.97667,0.738397,2386,8,6.5,279
269,AC(kT=10.0),600,1,7.91127,7.91167,-25.6167,4747,65,63.5,174
270,TWAP,600,1,2.74612,2.74667,1.552,1648,0,4,500
270,VWAP,600,1,7.0136,7.015,0.96317,4209,12,12.5,445
270,POV(20%),600,1,5.93381,5.935,0.761299,3561,11.5,11,225
270,AC(kT=0.5),600,1,1.15644,1.15667,0.667471,694,0,-6,500
270,AC(kT=2.0),600,1,5.56389,5.565,-0.129201,3339,12,11,444
270,AC(kT=5.0),600,1,5.13397,5.135,-4.27095,3081,17,21,279
270,AC(kT=10.0),600,1,5.05066,5.05167,0.0282946,3031,-3,-6.5,174
271,TWAP,600,1,17.9733,17.9617,3.91925,10777,21,20.5,500
271,VWAP,600,1,0.431947,0.431667,0.615739,259,4,-1,445
271,POV(20%),600,1,-0.140091,-0.14,1.56499,-84,-1.5,0.5,218
271,AC(kT=0.5),600,1,11.2356,11.2283,1.12683,6737,14,12.5,500
271,AC(kT=2.0),600,1,1.74113,1.74,-1.44048,1044,17.5,22.5,444
271,AC(kT=5.0),600,1,5.82545,5.82167,2.5943,3493,-0.5,5,279
271,AC(kT=10.0),600,1,3.51395,3.51167,-3.23938,2107,15.5,13.5,174
272,TWAP,600,1,11.2607,11.2533,2.74748,6752,9.5,12.5,500
272,VWAP,600,1,8.88744,8.88167,1.04972,5329,14.5,17.5,445
272,POV(20%),600,1,1.98796,1.98667,1.59145,1192,-1,5.5,220
272,AC(kT=0.5),600,1,2.66507,2.66333,1.0715,1598,1.5,7,500
272,AC(kT=2.0),600,1,7.90681,7.90167,1.92743,4741,2,8,444
272,AC(kT=5.0),600,1,5.85214,5.84833,-2.0255,3509,18,17,279
272,AC(kT=10.0),600,1,5.15669,5.15333,3.83007,3092,-10.5,-8.5,174
273,TWAP,600,1,6.25804,6.24333,2.0405,3746,12,9,500
273,VWAP,600,1,7.58783,7.57,1.43008,4542,17.5,13,445
273,POV(20%),600,1,5.78359,5.77,0.42836,3462,13,8,221
273,AC(kT=0.5),600,1,6.20625,6.19167,2.02182,3715,10,5,500
273,AC(kT=2.0),600,1,5.03517,5.02333,0.609464,3014,15,11,444
273,AC(kT=5.0),600,1,2.06151,2.05667,2.31555,1234,-0.5,2.5,279
273,AC(kT=10.0),600,1,2.03812,2.03333,-4.51504,1220,14,14.5,174
274,TWAP,600,1,5.34975,5.34333,0.987153,3206,8,4,500
274,VWAP,600,1,4.31351,4.30833,0.772521,2585,2.5,3,445
274,POV(20%),600,1,2.28107,2.27833,1.99072,1367,-7.5,-5.5,238
274,AC(kT=0.5),600,1,-3.08871,-3.085,1.36144,-1851,-14.5,-10,500
274,AC(kT=2.0),600,1,4.10659,4.10167,1.32358,2461,-3.5,-4,444
274,AC(kT=5.0),600,1,4.1116,4.10667,4.42414,2464,-10,-9.5,279
274,AC(kT=10.0),600,1,5.49826,5.49167,0.609722,3295,5,7,174
275,TWAP,600,1,-0.866493,-0.866667,1.25777,-520,-2,2,500
275,VWAP,600,1,0.344931,0.345,0.707887,207,2.5,2,445
275,POV(20%),600,1,-0.128308,-0.128333,1.14253,-77,1,4.5,220
275,AC(kT=0.5),600,1,-1.71966,-1.72,1.15307,-1032,-1.5,5,500
275,AC(kT=2.0),600,1,-2.39452,-2.395,0.529204,-1437,1,1.5,444
275,AC(kT=5.0),600,1,-2.71279,-2.71333,1.19124,-1628,-2,-5,279
275,AC(kT=10.0),600,1,2.05126,2.05167,-2.66621,1231,10,14.5,174
276,TWAP,600,1,5.13448,5.14167,0.464106,3085,4.5,6.5,500
276,VWAP,600,1,3.17888,3.18333,1.44331,1910,6.5,6.5,445
276,POV(20%),600,1,4.80993,4.81667,0.038352,2890,18.5,21,184
276,AC(kT=0.5),600,1,2.44824,2.45167,-0.29832,1471,1,-1,500
276,AC(kT=2.0),600,1,5.8335,5.84167,1.16657,3505,-0.5,3.5,444
276,AC(kT=5.0),600,1,16.6001,16.6233,-2.45033,9974,28,30,279
276,AC(kT=10.0),600,1,12.8687,12.8867,-3.55304,7732,25,22.5,174
277,TWAP,600,1,4.94321,4.94667,-0.453497,2968,17.5,15.5,500
277,VWAP,600,1,2.30672,2.30833,0.849747,1385,1.5,-2,445
277,POV(20%),590,0.983333,3.05952,3.06167,1.18455,1772,6.5,11,254
277,AC(kT=0.5),600,1,2.52656,2.52833,1.26599,1517,-0.5,-17,500
277,AC(kT=2.0),600,1,6.42717,6.43167,-3.95907,3859,35.5,35,444
277,AC(kT=5.0),600,1,3.99221,3.995,-4.5075,2397,15,15.5,279
277,AC(kT=10.0),600,1,2.68146,2.68333,0.100241,1610,2,4.5,174
278,TWAP,600,1,7.08986,7.08667,1.00919,4252,14.5,21,500
278,VWAP,600,1,2.71455,2.71333,0.81243,1628,15,15.5,445
278,POV(20%),600,1,7.29828,7.295,1.76731,4377,0,-2,231
278,AC(kT=0.5),600,1,12.7757,12.77,2.16615,7662,25,22,500
278,AC(kT=2.0),600,1,-6.68134,-6.67833,2.44785,-4007,-13.5,-13.5,444
278,AC(kT=5.0),600,1,-0.161739,-0.161667,3.6952,-97,-6,-5.5,279
278,AC(kT=10.0),600,1,3.83339,3.83167,-0.316461,2299,11,10.5,174
279,TWAP,600,1,12.0776,12.0867,2.89543,7252,13,11.5,500
279,VWAP,600,1,-0.0482971,-0.0483333,1.22004,-29,-7,-6,445
279,POV(20%),600,1,-0.549588,-0.55,1.21889,-330,-3,-2.5,234
279,AC(kT=0.5),600,1,6.09709,6.10167,1.46178,3661,13,11,500
279,AC(kT=2.0),600,1,3.27255,3.275,-0.43528,1965,12,13.5,444
279,AC(kT=5.0),600,1,4.68649,4.69,-0.520719,2814,3,2.5,279
279,AC(kT=10.0),600,1,3.93039,3.93333,-3.02237,2360,13,9,174
280,TWAP,600,1,-1.30266,-1.305,0.666947,-783,-1,-2.5,500
280,VWAP,600,1,-1.06475,-1.06667,1.23401,-640,-2,-3,445
280,POV(20%),600,1,-1.77347,-1.77667,0.650318,-1066,2,-3.5,224
280,AC(kT=0.5),600,1,2.77001,2.775,1.49444,1665,2,2.5,500
280,AC(kT=2.0),600,1,-0.558994,-0.56,1.3664,-336,-5.5,-11.5,444
280,AC(kT=5.0),600,1,0.974912,0.976667,2.42297,586,-9.5,-12.5,279
280,AC(kT=10.0),600,1,2.53876,2.54333,0.684662,1526,1,0,174
281,TWAP,600,1,5.22928,5.22667,1.77933,3136,9.5,9,500
281,VWAP,600,1,3.23662,3.235,1.15348,1941,4.5,3.5,445
281,POV(20%),600,1,5.24762,5.245,0.857141,3147,13,11.5,228
281,AC(kT=0.5),600,1,5.13257,5.13,1.72994,3078,9,9.5,500
281,AC(kT=2.0),600,1,2.6063,2.605,1.10662,1563,3.5,0,444
281,AC(kT=5.0),600,1,4.30549,4.30333,-2.1842,2582,17.5,15.5,279
281,AC(kT=10.0),600,1,4.19043,4.18833,-1.08838,2513,8.5,10,174
282,TWAP,600,1,5.69492,5.68667,1.24854,3412,12,7,500
282,VWAP,600,1,8.21024,8.19833,0.908254,4919,10,11.5,445
282,POV(20%),600,1,3.04441,3.04,1.43651,1824,-2,1,235
282,AC(kT=0.5),600,1,10.9308,10.915,1.54913,6549,21.5,18,500
282,AC(kT=2.0),600,1,7.46082,7.45,0.666623,4470,10,6,444
282,AC(kT=5.0),600,1,2.40349,2.4,5.8172,1440,-13,-16,279
282,AC(kT=10.0),600,1,4.53157,4.525,2.3169,2715,1,5,174
283,TWAP,600,1,1.19404,1.195,1.08231,717,0,2.5,500
283,VWAP,600,1,1.83853,1.84,1.08959,1104,2,0.5,445
283,POV(20%),600,1,7.27751,7.28333,-3.72738,4370,28.5,28.5,198
283,AC(kT=0.5),600,1,4.69624,4.7,0.813071,2820,4.5,1,500
283,AC(kT=2.0),600,1,3.13749,3.14,0.826881,1884,8,10,444
283,AC(kT=5.0),600,1,2.26485,2.26667,4.59783,1360,-18,-18,279
283,AC(kT=10.0),600,1,3.00926,3.01167,0.490842,1807,4.5,7,174
284,TWAP,600,1,2.92439,2.92833,1.6561,1757,5,6.5,500
284,VWAP,600,1,-4.76856,-4.775,0.500219,-2865,-5,-6.5,445
284,POV(20%),600,1,3.14908,3.15333,0.136978,1892,9.5,8.5,206
284,AC(kT=0.5),600,1,1.37814,1.38,1.46657,828,10,3.5,500
284,AC(kT=2.0),600,1,-2.44337,-2.44667,0.108432,-1468,4.5,5.5,444
284,AC(kT=5.0),600,1,-1.51296,-1.515,3.5371,-909,-9.5,-7,279
284,AC(kT=10.0),600,1,4.83181,4.83833,-3.94193,2903,7.5,7.5,174
285,TWAP,600,1,5.32893,5.33,1.46502,3198,9.5,7,500
285,VWAP,600,1,4.98234,4.98333,0.842358,2990,1.5,4,445
285,POV(20%),600,1,7.03693,7.03833,0.920919,4223,12.5,10,230
285,AC(kT=0.5),600,1,4.64074,4.64167,1.71833,2785,0,-4.5,500
285,AC(kT=2.0),600,1,4.74072,4.74167,-0.232263,2845,9,4.5,444
285,AC(kT=5.0),600,1,3.91422,3.915,0.0442002,2349,0.5,-3,279
285,AC(kT=10.0),600,1,4.30081,4.30167,-0.137776,2581,8.5,10.5,174
286,TWAP,600,1,-2.71351,-2.715,0.635758,-1629,-4.5,-18.5,500
286,VWAP,600,1,-4.1144,-4.11667,1.07934,-2470,-5,-5.5,445
286,POV(20%),600,1,-4.97227,-4.975,1.34578,-2985,-11.5,-6.5,226
286,AC(kT=0.5),600,1,-2.71018,-2.71167,0.638515,-1627,-4.5,-14.5,500
286,AC(kT=2.0),600,1,-2.22378,-2.225,0.298324,-1335,3.5,5,444
286,AC(kT=5.0),600,1,-0.979461,-0.98,-0.25972,-588,2.5,-1.5,279
286,AC(kT=10.0),600,1,2.47364,2.475,-0.869966,1485,7,6.5,174
287,TWAP,600,1,-2.48702,-2.49,0.789063,-1494,-3.5,-9,500
287,VWAP,600,1,-1.88441,-1.88667,0.934294,-1132,-2.5,2,445
287,POV(20%),600,1,3.9719,3.97667,0.993895,2386,9,7.5,224
287,AC(kT=0.5),600,1,1.12199,1.12333,1.49122,674,1,0.5,500
287,AC(kT=2.0),600,1,2.51365,2.51667,0.998193,1510,1,-2.5,444
287,AC(kT=5.0),600,1,0.8057,0.806667,-0.381715,484,6.5,-2,279
287,AC(kT=10.0),600,1,1.64969,1.65167,10.0617,991,-24,-28,174
288,TWAP,600,1,11.025,11.0283,2.70411,6617,25,27,500
288,VWAP,600,1,3.55227,3.55333,0.842043,2132,10,9.5,445
288,POV(20%),600,1,2.18768,2.18833,0.385223,1313,10.5,12.5,229
288,AC(kT=0.5),600,1,8.35249,8.355,2.42984,5013,11,10.5,500
288,AC(kT=2.0),600,1,0.931387,0.931667,0.406129,559,5,5.5,444
288,AC(kT=5.0),600,1,3.48895,3.49,-0.477084,2094,4.5,5.5,279
288,AC(kT=10.0),600,1,3.91049,3.91167,-6.00012,2347,23.5,16,174
289,TWAP,600,1,3.27781,3.27667,1.44028,1966,6.5,5,500
289,VWAP,600,1,4.5716,4.57,1.57068,2742,10,5.5,445
289,POV(20%),600,1,-1.07704,-1.07667,2.11187,-646,-8,-11.5,226
289,AC(kT=0.5),600,1,1.30879,1.30833,0.981003,785,4.5,6,500
289,AC(kT=2.0),600,1,0.530186,0.53,0.932639,318,6,9,444
289,AC(kT=5.0),600,1,-1.56055,-1.56,3.02869,-936,-6.5,-10.5,279
289,AC(kT=10.0),600,1,3.3195,3.31833,-0.860503,1991,5.5,3.5,174
290,TWAP,600,1,6.23106,6.23667,1.12705,3742,8.5,4,500
290,VWAP,600,1,-6.68898,-6.695,1.58398,-4017,-17.5,-15,445
290,POV(20%),600,1,12.8451,12.8567,-0.299774,7714,26,26,233
290,AC(kT=0.5),600,1,10.7553,10.765,2.21467,6459,16.5,17,500
290,AC(kT=2.0),600,1,1.86665,1.86833,2.6104,1121,-9.5,-3.5,444
290,AC(kT=5.0),600,1,3.70833,3.71167,2.43332,2227,-1.5,-2.5,279
290,AC(kT=10.0),600,1,4.98718,4.99167,-3.63297,2995,11,18,174
291,TWAP,600,1,3.55893,3.56,1.14939,2136,-1,-2,500
291,VWAP,600,1,11.6215,11.625,0.300576,6975,20.5,21.5,445
291,POV(20%),600,1,11.3083,11.3117,-0.916717,6787,23,27.5,234
291,AC(kT=0.5),600,1,2.3193,2.32,0.83677,1392,-0.5,-3,500
291,AC(kT=2.0),600,1,8.56243,8.565,0.310957,5139,11.5,9.5,444
291,AC(kT=5.0),600,1,5.42004,5.42167,-1.5576,3253,12.5,4.5,279
291,AC(kT=10.0),600,1,5.66663,5.66833,1.3138,3401,2,5.5,174
292,TWAP,600,1,-0.12834,-0.128333,0.193977,-77,-2.5,-6.5,500
292,VWAP,600,1,0.0500025,0.05,0.849538,30,3.5,5,445
292,POV(20%),600,1,5.73195,5.73167,0.958135,3439,13,14.5,233
292,AC(kT=0.5),600,1,2.53346,2.53333,1.11477,1520,1,2,500
292,AC(kT=2.0),600,1,-2.98015,-2.98,1.57629,-1788,-13,-11.5,444
292,AC(kT=5.0),600,1,0.883378,0.883333,3.86604,530,-10,-10.5,279
292,AC(kT=10.0),600,1,3.75685,3.75667,-3.41329,2254,18,23.5,174
293,TWAP,600,1,-5.15577,-5.155,0.969096,-3093,-1,2.5,500
293,VWAP,600,1,1.75693,1.75667,0.868241,1054,0,4.5,445
293,POV(20%),600,1,10.5182,10.5167,-1.06117,6310,26,28.5,225
293,AC(kT=0.5),600,1,-9.0847,-9.08333,-0.283625,-5450,-18.5,-19,500
293,AC(kT=2.0),600,1,-3.60221,-3.60167,1.91875,-2161,-15,-17.5,444
293,AC(kT=5.0),600,1,-1.22018,-1.22,7.32394,-732,-20.5,-21,279
293,AC(kT=10.0),600,1,3.83391,3.83333,-2.88782,2300,13.5,19.5,174
294,TWAP,600,1,0.570428,0.57,-0.437384,342,1.5,-4.5,500
294,VWAP,600,1,8.06105,8.055,1.05756,4833,10.5,9,445
294,POV(20%),600,1,10.5279,10.52,0.772375,6312,16,14.5,230
294,AC(kT=0.5),600,1,7.09365,7.08833,0.639207,4253,14.5,14.5,500
294,AC(kT=2.0),600,1,1.16754,1.16667,0.84319,700,-2.5,0,444
294,AC(kT=5.0),600,1,13.3417,13.3317,-6.10903,7999,32,29.5,279
294,AC(kT=10.0),600,1,8.22283,8.21667,-1.03381,4930,10.5,11,174
295,TWAP,600,1,3.66462,3.66333,1.41451,2198,8.5,8.5,500
295,VWAP,600,1,-0.080028,-0.08,1.00788,-48,2.5,4.5,445
295,POV(20%),600,1,1.57555,1.575,1.09036,945,3.5,1.5,238
295,AC(kT=0.5),600,1,-0.93366,-0.933333,0.868198,-560,-1.5,3,500
295,AC(kT=2.0),600,1,3.49622,3.495,0.41376,2097,5,7,444
295,AC(kT=5.0),600,1,2.88268,2.88167,-3.61258,1729,11,17,279
295,AC(kT=10.0),600,1,3.33283,3.33167,5.14889,1999,-13,-17,174
296,TWAP,600,1,8.65887,8.66667,2.37481,5200,21,21,500
296,VWAP,600,1,1.62021,1.62167,0.7977,973,-1.5,2.5,445
296,POV(20%),600,1,6.45752,6.46333,1.39313,3878,2.5,3.5,224
296,AC(kT=0.5),600,1,2.35954,2.36167,1.51999,1417,3,6,500
296,AC(kT=2.0),600,1,1.09901,1.1,2.87267,660,-6.5,-6.5,444
296,AC(kT=5.0),600,1,4.36441,4.36833,-8.27014,2621,23.5,16.5,279
296,AC(kT=10.0),600,1,2.46112,2.46333,-1.04145,1478,6,5.5,174
297,TWAP,600,1,2.73336,2.735,1.18544,1641,-1,0,500
297,VWAP,600,1,8.86801,8.87333,0.156745,5324,17,23.5,445
297,POV(20%),584,0.973333,1.17929,1.18,1.10654,740,-2,2,235
297,AC(kT=0.5),600,1,3.99927,4.00167,0.880377,2401,5,10.5,500
297,AC(kT=2.0),600,1,5.89979,5.90333,0.843754,3542,5,6,444
297,AC(kT=5.0),600,1,6.15797,6.16167,-0.613377,3697,4,0,279
297,AC(kT=10.0),600,1,5.58498,5.58833,-0.844127,3353,7.5,9.5,174
298,TWAP,600,1,-1.98464,-1.98167,0.566947,-1189,-2.5,-2,500
298,VWAP,600,1,-0.847939,-0.846667,0.916193,-508,0,0,445
298,POV(20%),581,0.968333,-3.32999,-3.325,1.18777,-1805,-10,-8.5,243
298,AC(kT=0.5),600,1,-1.16842,-1.16667,0.557957,-700,1.5,4,500
298,AC(kT=2.0),600,1,0.373894,0.373333,0.103513,224,7,10.5,444
298,AC(kT=5.0),600,1,1.07995,1.07833,2.39856,647,-2,-5,279
298,AC(kT=10.0),600,1,2.41362,2.41,1.54882,1446,-2,-3.5,174
299,TWAP,600,1,12.9905,12.995,2.63047,7797,20.5,16.5,500
299,VWAP,600,1,6.08454,6.08667,0.723807,3652,13,11.5,445
299,POV(20%),568,0.946667,-0.0133287,-0.0133333,1.21017,-56,1.5,-1,227
299,AC(kT=0.5),600,1,4.09024,4.09167,1.08978,2455,-3.5,-1,500
299,AC(kT=2.0),600,1,4.84497,4.84667,0.874274,2908,3.5,7,444
299,AC(kT=5.0),600,1,2.7657,2.76667,0.0512322,1660,2.5,-1.5,279
299,AC(kT=10.0),600,1,3.56875,3.57,-7.7429,2142,25.5,22.5,174
300,TWAP,600,1,2.48916,2.48667,0.796397,1492,2.5,1,500
300,VWAP,600,1,1.44811,1.44667,0.797115,868,-3,-4.5,445
300,POV(20%),600,1,4.25926,4.255,1.41137,2553,0,2,215
300,AC(kT=0.5),600,1,5.41375,5.40833,0.899557,3245,9,2,500
300,AC(kT=2.0),600,1,-0.15015,-0.15,5.62861,-90,-24,-19.5,444
300,AC(kT=5.0),600,1,5.52052,5.515,-1.31208,3309,2,0,279
300,AC(kT=10.0),600,1,5.04838,5.04333,3.83236,3026,-2.5,-0.5,174
301,TWAP,600,1,1.19268,1.19333,1.4294,716,0.5,3,500
301,VWAP,600,1,1.82067,1.82167,0.897163,1093,8.5,5,445
301,POV(20%),568,0.946667,4.03778,4.04,1.02622,2056,11.5,14,228
301,AC(kT=0.5),600,1,0.962804,0.963333,1.33538,578,1,-1,500
301,AC(kT=2.0),600,1,0.511385,0.511667,0.955018,307,2,4,444
301,AC(kT=5.0),600,1,1.38257,1.38333,0.319415,830,1,4.5,279
301,AC(kT=10.0),600,1,1.58746,1.58833,-3.8379,953,8.5,7,174
302,TWAP,600,1,10.3333,10.3333,3.54362,6200,16,18.5,500
302,VWAP,600,1,1.33833,1.33833,1.69341,803,6,9.5,445
302,POV(20%),600,1,-4.07167,-4.07167,1.8394,-2443,-13,-15,242
302,AC(kT=0.5),600,1,11.3217,11.3217,1.6618,6793,25,26,500
302,AC(kT=2.0),600,1,0.0683333,0.0683333,2.50529,41,-6,-5,444
302,AC(kT=5.0),600,1,7.97,7.97,-8.35738,4782,28.5,27,279
302,AC(kT=10.0),600,1,6.68,6.68,-4.14495,4008,12,15,174
303,TWAP,600,1,1.60817,1.60833,1.25044,965,7.5,6,500
303,VWAP,600,1,-0.69993,-0.7,1.38993,-420,3,2,445
303,POV(20%),600,1,2.65807,2.65833,0.701829,1595,12,9.5,222
303,AC(kT=0.5),600,1,-1.91481,-1.915,2.17449,-1149,-11,-12.5,500
303,AC(kT=2.0),600,1,0.819918,0.82,0.5625,492,0,1,444
303,AC(kT=5.0),600,1,1.12655,1.12667,-2.79973,676,13.5,11,279
303,AC(kT=10.0),600,1,1.83482,1.835,-1.34187,1101,3,-1.5,174
304,TWAP,600,1,7.51018,7.49667,1.36704,4498,7,11,500
304,VWAP,600,1,9.85607,9.83833,1.08096,5903,9,11,445
304,POV(20%),600,1,4.69679,4.68833,0.587727,2813,11.5,13,225
304,AC(kT=0.5),600,1,13.4976,13.4733,2.63662,8084,16.5,16,500
304,AC(kT=2.0),600,1,12.3289,12.3067,0.352077,7384,22.5,24,444
304,AC(kT=5.0),600,1,6.71041,6.69833,-2.05476,4019,11.5,10,279
304,AC(kT=10.0),600,1,7.88586,7.87167,-1.54614,4723,8.5,17,174
305,TWAP,600,1,8.2284,8.23333,2.88369,4940,5,3,500
305,VWAP,600,1,11.4331,11.44,0.978751,6864,20.5,27.5,445
305,POV(20%),600,1,8.20508,8.21,0.649065,4926,9.5,16.5,228
305,AC(kT=0.5),600,1,7.20401,7.20833,0.171867,4325,14,12.5,500
305,AC(kT=2.0),600,1,6.52275,6.52667,1.1389,3916,2,-6,444
305,AC(kT=5.0),600,1,7.2723,7.27667,1.62022,4366,8.5,11,279
305,AC(kT=10.0),600,1,5.42341,5.42667,-1.71335,3256,10,6,174
306,TWAP,600,1,11.424,11.4183,1.8099,6851,10,11,500
306,VWAP,600,1,20.5286,20.5183,0.576677,12311,42,40,445
306,POV(20%),600,1,12.8981,12.8917,0.258742,7735,18,10.5,236
306,AC(kT=0.5),600,1,13.2099,13.2033,1.45046,7922,20,18,500
306,AC(kT=2.0),600,1,12.4879,12.4817,-2.22182,7489,25,32,444
306,AC(kT=5.0),600,1,5.26597,5.26333,-1.43536,3158,17,20.5,279
306,AC(kT=10.0),600,1,5.6645,5.66167,-0.226068,3397,7.5,6.5,174
307,TWAP,600,1,13.6421,13.6517,2.8009,8191,17,18.5,500
307,VWAP,600,1,10.2678,10.275,0.817486,6165,19.5,19,445
307,POV(20%),600,1,5.70934,5.71333,1.15441,3428,1.5,0,235
307,AC(kT=0.5),600,1,16.8099,16.8217,2.91698,10093,20.5,18,500
307,AC(kT=2.0),600,1,4.99317,4.99667,0.848339,2998,2.5,0.5,444
307,AC(kT=5.0),600,1,5.79927,5.80333,-2.30544,3482,15.5,18.5,279
307,AC(kT=10.0),600,1,6.01412,6.01833,-1.02344,3611,7,7,174
308,TWAP,600,1,-2.8934,-2.89167,0.488401,-1735,-2.5,-3,500
308,VWAP,600,1,5.57668,5.57333,1.60374,3344,11.5,10.5,445
308,POV(20%),600,1,1.12234,1.12167,2.86626,673,-4.5,-10.5,217
308,AC(kT=0.5),600,1,0.00667067,0.00666667,0.967264,4,2,2,500
308,AC(kT=2.0),600,1,2.91008,2.90833,-0.111043,1745,14,15.5,444
308,AC(kT=5.0),600,1,2.48316,2.48167,0.505775,1489,4,0.5,279
308,AC(kT=10.0),600,1,2.87006,2.86833,-2.15368,1721,14,14.5,174
309,TWAP,600,1,11.1395,11.12,2.52541,6672,10.5,9.5,500
309,VWAP,600,1,8.45647,8.44167,0.594996,5065,24.5,13.5,445
309,POV(20%),600,1,6.73178,6.72,2.01019,4032,2,1.5,205
309,AC(kT=0.5),600,1,13.2565,13.2333,3.06724,7940,8,7.5,500
309,AC(kT=2.0),600,1,7.42132,7.40833,0.427118,4445,7,5,444
309,AC(kT=5.0),600,1,9.09258,9.07667,-5.84761,5446,26.5,21.5,279
309,AC(kT=10.0),600,1,6.03723,6.02667,5.5889,3616,-8,-8,174
310,TWAP,600,1,2.92333,2.92333,1.21452,1754,1,2.5,500
310,VWAP,600,1,6.87,6.87,1.94754,4122,17,22.5,445
310,POV(20%),600,1,0.61,0.61,0.830243,366,6.5,7,238
310,AC(kT=0.5),600,1,2,2,0.584608,1200,7.5,5.5,500
310,AC(kT=2.0),600,1,20.3067,20.3067,1.49381,12184,32,30,444
310,AC(kT=5.0),600,1,-4.72333,-4.72333,7.49647,-2834,-23.5,-25.5,279
310,AC(kT=10.0),600,1,2.315,2.315,7.48809,1389,-4,-0.5,174
311,TWAP,600,1,0.815204,0.815,0.749539,489,3,6,500
311,VWAP,600,1,0.301742,0.301667,0.808334,181,-1,0.5,445
311,POV(20%),583,0.971667,6.61915,6.6175,1.18296,3851.5,7,13,231
311,AC(kT=0.5),600,1,0.431775,0.431667,0.830348,259,3,3,500
311,AC(kT=2.0),600,1,0.76019,0.76,0.794253,456,2.5,-2.5,444
311,AC(kT=5.0),600,1,-0.825206,-0.825,6.93296,-495,-16,-18,279
311,AC(kT=10.0),600,1,2.22222,2.22167,4.79087,1333,-8.5,-8.5,174
312,TWAP,600,1,-2.72422,-2.72,1.18418,-1632,-2,-5,500
312,VWAP,600,1,-0.365567,-0.365,1.26267,-219,9,11.5,445
312,POV(20%),600,1,-11.7699,-11.7517,2.98121,-7051,-25,-27,215
312,AC(kT=0.5),600,1,-1.57745,-1.575,1.68127,-945,-4,-6,500
312,AC(kT=2.0),600,1,6.28307,6.27333,2.32824,3764,11.5,15,444
312,AC(kT=5.0),600,1,-4.52702,-4.52,-2.6004,-2712,6.5,6,279
312,AC(kT=10.0),600,1,3.46704,3.46167,0.222115,2077,0,-1,174
313,TWAP,600,1,10.5059,10.5017,1.61595,6301,15.5,19.5,500
313,VWAP,600,1,1.0921,1.09167,0.945204,655,0,-1,445
313,POV(20%),600,1,-0.862011,-0.861667,1.45749,-517,-5.5,-0.5,250
313,AC(kT=0.5),600,1,12.2582,12.2533,1.78826,7352,22,22,500
313,AC(kT=2.0),600,1,6.16246,6.16,-0.524797,3696,16,16.5,444
313,AC(kT=5.0),600,1,3.44805,3.44667,-1.05768,2068,9.5,12.5,279
313,AC(kT=10.0),600,1,3.13125,3.13,0.10775,1878,5.5,1.5,174
314,TWAP,600,1,3.43436,3.43333,1.42363,2060,0.5,3.5,500
314,VWAP,600,1,3.05258,3.05167,1.1542,1831,9,13,445
314,POV(20%),600,1,8.81264,8.81,0.644619,5286,15.5,18.5,236
314,AC(kT=0.5),600,1,7.74899,7.74667,1.39653,4648,14.5,11,500
314,AC(kT=2.0),600,1,1.42209,1.42167,0.368648,853,3.5,-2,444
314,AC(kT=5.0),600,1,7.54393,7.54167,-3.90639,4525,17,12.5,279
314,AC(kT=10.0),600,1,5.71505,5.71333,-0.734317,3428,2,1,174
315,TWAP,600,1,-4.86396,-4.86833,1.0989,-2921,-3,7.5,500
315,VWAP,600,1,-4.91558,-4.92,0.943636,-2952,-6.5,-16,445
315,POV(20%),600,1,-5.79978,-5.805,1.60747,-3483,-13,-17,234
315,AC(kT=0.5),600,1,-7.405,-7.41167,1.82295,-4447,-10.5,-10,500
315,AC(kT=2.0),600,1,-1.90828,-1.91,-1.23124,-1146,7.5,4.5,444
315,AC(kT=5.0),600,1,-3.68835,-3.69167,0.878274,-2215,0.5,2.5,279
315,AC(kT=10.0),600,1,-2.45779,-2.46,-5.53898,-1476,13.5,6.5,174
316,TWAP,600,1,16.874,16.8883,1.95392,10133,26,25.5,500
316,VWAP,600,1,10.6959,10.705,1.19917,6423,15.5,14,445
316,POV(20%),600,1,2.84092,2.84333,0.773738,1706,9.5,9.5,235
316,AC(kT=0.5),600,1,7.53859,7.545,1.09955,4527,2.5,3.5,500
316,AC(kT=2.0),600,1,10.4445,10.4533,0.224412,6272,11.5,12,444
316,AC(kT=5.0),600,1,12.3528,12.3633,-8.08467,7418,32,30,279
316,AC(kT=10.0),600,1,8.10644,8.11333,-7.6899,4868,21,20.5,174
317,TWAP,600,1,18.5943,18.5767,2.90913,11146,25.5,21.5,500
317,VWAP,600,1,-3.98712,-3.98333,0.582256,-2390,-11.5,-13,445
317,POV(20%),600,1,7.48878,7.48167,0.341335,4489,8.5,13,210
317,AC(kT=0.5),600,1,15.1794,15.165,2.93541,9099,12.5,13.5,500
317,AC(kT=2.0),600,1,11.591,11.58,2.10581,6948,19.5,17.5,444
317,AC(kT=5.0),600,1,3.60676,3.60333,1.22707,2162,0.5,-2,279
317,AC(kT=10.0),600,1,4.55599,4.55167,2.13384,2731,-2.5,0.5,174
318,TWAP,600,1,1.11672,1.11667,0.702476,670,2.5,3,500
318,VWAP,600,1,-1.57341,-1.57333,0.818953,-944,-14,-10.5,445
318,POV(20%),600,1,5.56861,5.56833,1.11768,3341,6,3.5,230
318,AC(kT=0.5),600,1,2.56513,2.565,1.09206,1539,-1.5,-3,500
318,AC(kT=2.0),600,1,4.22354,4.22333,4.02271,2534,-16.5,-2,444
318,AC(kT=5.0),600,1,2.20844,2.20833,0.114921,1325,-0.5,0,279
318,AC(kT=10.0),600,1,2.91515,2.915,-1.39833,1749,8.5,10.5,174
319,TWAP,600,1,2.93057,2.925,0.785468,1755,5,7,500
319,VWAP,600,1,1.11211,1.11,0.50551,666,19,20.5,445
319,POV(20%),600,1,1.37094,1.36833,1.11578,821,4,3.5,235
319,AC(kT=0.5),600,1,1.92199,1.91833,1.00302,1151,2,8,500
319,AC(kT=2.0),600,1,-1.54961,-1.54667,0.328603,-928,2.5,4,444
319,AC(kT=5.0),600,1,3.86234,3.855,1.82452,2313,0,15.5,279
319,AC(kT=10.0),600,1,3.94249,3.935,-4.47692,2361,17,21,174
320,TWAP,600,1,2.83539,2.83667,0.943193,1702,4.5,6.5,500
320,VWAP,600,1,-3.66335,-3.665,1.1518,-2199,-6.5,-10,445
320,POV(20%),600,1,-0.466457,-0.466667,1.63922,-280,-6.5,-5.5,227
320,AC(kT=0.5),600,1,5.81238,5.815,1.42069,3489,9.5,14.5,500
320,AC(kT=2.0),600,1,-4.02985,-4.03167,1.14787,-2419,-4,-4.5,444
320,AC(kT=5.0),600,1,3.97654,3.97833,-3.70458,2387,21.5,20,279
320,AC(kT=10.0),600,1,4.03152,4.03333,-4.17172,2420,13.5,16,174
321,TWAP,600,1,6.56662,6.56333,1.52755,3938,14,15,500
321,VWAP,600,1,3.29498,3.29333,1.37966,1976,13,9.5,445
321,POV(20%),600,1,7.26196,7.25833,-0.703039,4355,21,21.5,218
321,AC(kT=0.5),600,1,1.1339,1.13333,1.29923,680,2,4,500
321,AC(kT=2.0),600,1,-1.67584,-1.675,2.05324,-1005,-11,-13.5,444
321,AC(kT=5.0),600,1,1.41237,1.41167,3.49558,847,-8.5,-7,279
321,AC(kT=10.0),600,1,2.59463,2.59333,8.42969,1556,-22,-26.5,174
322,TWAP,600,1,-0.810937,-0.811667,0.877107,-487,-3.5,-5.5,500
322,VWAP,600,1,6.69231,6.69833,0.196738,4019,13.5,1.5,445
322,POV(20%),600,1,11.7078,11.7183,2.62841,7031,1,0,236
322,AC(kT=0.5),600,1,1.05905,1.06,0.391554,636,6,10.5,500
322,AC(kT=2.0),600,1,9.30163,9.31,-1.19424,5586,20,18,444
322,AC(kT=5.0),600,1,6.97206,6.97833,-0.819595,4187,6,5.5,279
322,AC(kT=10.0),600,1,5.8564,5.86167,-3.49487,3517,17.5,15.5,174
323,TWAP,600,1,-8.63672,-8.62333,-0.596647,-5174,-13.5,-15,500
323,VWAP,600,1,5.22643,5.21833,0.957425,3131,1.5,-3,445
323,POV(20%),600,1,11.8934,11.875,0.694087,7125,12.5,10.5,227
323,AC(kT=0.5),600,1,-6.88734,-6.87667,0.408948,-4126,-21.5,-22,500
323,AC(kT=2.0),600,1,6.01432,6.005,1.40469,3603,1.5,-2.5,444
323,AC(kT=5.0),600,1,11.86,11.8417,-1.4634,7105,15,11.5,279
323,AC(kT=10.0),600,1,7.69693,7.685,0.34623,4611,1.5,-5.5,174
324,TWAP,600,1,1.22839,1.22833,0.627425,737,7.5,3.5,500
324,VWAP,600,1,3.85353,3.85333,0.57791,2312,11,12,445
324,POV(20%),600,1,2.41012,2.41,1.12985,1446,8.5,9.5,228
324,AC(kT=0.5),600,1,-1.96843,-1.96833,0.476055,-1181,-1,-1,500
324,AC(kT=2.0),600,1,0.0100005,0.01,0.791451,6,-4,-1,444
324,AC(kT=5.0),600,1,-1.08005,-1.08,5.35368,-648,-13.5,-12.5,279
324,AC(kT=10.0),600,1,2.26178,2.26167,-4.78203,1357,15,12.5,174
325,TWAP,600,1,3.15511,3.16,0.243405,1896,5,13.5,500
325,VWAP,600,1,6.82442,6.835,0.668069,4101,13,13.5,445
325,POV(20%),600,1,2.18827,2.19167,1.04327,1315,6,-11,244
325,AC(kT=0.5),600,1,3.26494,3.27,-0.174337,1962,14,12,500
325,AC(kT=2.0),600,1,4.04706,4.05333,0.217215,2432,11,13.5,444
325,AC(kT=5.0),600,1,4.20016,4.20667,-2.25277,2524,8,8.5,279
325,AC(kT=10.0),600,1,3.41138,3.41667,3.39993,2050,-1,0.5,174
326,TWAP,600,1,13.856,13.8033,2.59457,8282,19.5,20.5,500
326,VWAP,600,1,7.55872,7.53,1.70589,4518,8.5,13,445
326,POV(20%),600,1,2.85753,2.84667,1.28507,1708,4,-2,239
326,AC(kT=0.5),600,1,-1.38526,-1.38,0.396421,-828,-5,-1.5,500
326,AC(kT=2.0),600,1,13.1015,13.0517,0.803971,7831,15,15,444
326,AC(kT=5.0),600,1,2.06786,2.06,2.82058,1236,-6.5,-8,279
326,AC(kT=10.0),600,1,3.69906,3.685,5.61736,2211,-15,-20,174
327,TWAP,600,1,-10.4875,-10.4833,-0.755981,-6290,-5.5,-7.5,500
327,VWAP,600,1,-0.927037,-0.926667,1.45551,-556,2.5,5.5,445
327,POV(20%),600,1,-3.38969,-3.38833,1.73691,-2033,-6,-6.5,227
327,AC(kT=0.5),600,1,-8.91523,-8.91167,-0.592622,-5347,-8.5,-12,500
327,AC(kT=2.0),600,1,5.12372,5.12167,0.888905,3073,17.5,21.5,444
327,AC(kT=5.0),600,1,-5.04368,-5.04167,3.17765,-3025,-13,-15.5,279
327,AC(kT=10.0),600,1,-1.05876,-1.05833,6.96293,-635,-11.5,-10,174
328,TWAP,600,1,-2.39393,-2.39333,1.15223,-1436,-9,-8,500
328,VWAP,600,1,-1.41535,-1.415,1.13393,-849,-7.5,-6,445
328,POV(20%),600,1,3.44419,3.44333,0.101866,2066,15,17.5,230
328,AC(kT=0.5),600,1,2.50896,2.50833,1.75538,1505,-2,-2.5,500
328,AC(kT=2.0),600,1,3.04243,3.04167,0.0860534,1825,16,12,444
328,AC(kT=5.0),600,1,2.17554,2.175,-1.15656,1305,10.5,6.5,279
328,AC(kT=10.0),600,1,3.15746,3.15667,-1.78453,1894,9,12,174
329,TWAP,600,1,-11.8584,-11.875,-0.694112,-7125,-20,-24.5,500
329,VWAP,600,1,6.54251,6.55167,0.762397,3931,7.5,4.5,445
329,POV(20%),586,0.976667,2.32508,2.32833,1.22738,1369,2,1.5,220
329,AC(kT=0.5),600,1,1.12176,1.12333,0.8108,674,8,3,500
329,AC(kT=2.0),600,1,10.7966,10.8117,0.721289,6487,13.5,13.5,444
329,AC(kT=5.0),600,1,2.9259,2.93,-9.08793,1758,27,27,279
329,AC(kT=10.0),600,1,4.40051,4.40667,9.68429,2644,-12.5,-10.5,174
330,TWAP,600,1,0.165033,0.165,0.768141,99,-10.5,-10.5,500
330,VWAP,600,1,0.253384,0.253333,0.773207,152,4.5,3,445
330,POV(20%),598,0.996667,-6.05955,-6.05833,1.28004,-3609,-13,-16,235
330,AC(kT=0.5),600,1,-0.348403,-0.348333,0.244453,-209,2,0,500
330,AC(kT=2.0),600,1,-1.78202,-1.78167,2.57171,-1069,-14.5,-14,444
330,AC(kT=5.0),600,1,1.28026,1.28,-1.49992,768,10.5,13,279
330,AC(kT=10.0),600,1,1.95873,1.95833,4.57993,1175,-9,-7,174
331,TWAP,600,1,3.14412,3.14333,1.34406,1886,4,-4.5,500
331,VWAP,600,1,3.98766,3.98667,1.17459,2392,6.5,4.5,445
331,POV(20%),600,1,-0.513462,-0.513333,1.33455,-308,-3,-0.5,230
331,AC(kT=0.5),600,1,-0.775194,-0.775,2.85463,-465,-14,-3.5,500
331,AC(kT=2.0),600,1,4.54614,4.545,1.16906,2727,12,6,444
331,AC(kT=5.0),600,1,2.19888,2.19833,4.71668,1319,-14.5,-9.5,279
331,AC(kT=10.0),600,1,6.83671,6.835,3.27992,4101,-4.5,-9,174
332,TWAP,600,1,17.8665,17.8683,3.6568,10721,16.5,17,500
332,VWAP,600,1,15.9784,15.98,1.56038,9588,18.5,21.5,445
332,POV(20%),600,1,3.348,3.34833,1.79011,2009,-4.5,-8.5,223
332,AC(kT=0.5),600,1,9.93901,9.94,1.45311,5964,4,0,500
332,AC(kT=2.0),600,1,15.5718,15.5733,0.552701,9344,22.5,19.5,444
332,AC(kT=5.0),600,1,10.9706,10.9717,0.741843,6583,4,5,279
332,AC(kT=10.0),600,1,6.44436,6.445,-3.89798,3867,14,8.5,174
333,TWAP,600,1,4.22025,4.21667,0.532409,2530,5,9,500
333,VWAP,600,1,6.65399,6.64833,1.45383,3989,-8,-7.5,445
333,POV(20%),600,1,9.26454,9.25667,1.90163,5554,3,3.5,218
333,AC(kT=0.5),600,1,6.3971,6.39167,1.31835,3835,4,5,500
333,AC(kT=2.0),600,1,9.09606,9.08833,0.399509,5453,12,9.5,444
333,AC(kT=5.0),600,1,8.32207,8.315,-0.484822,4989,6,7.5,279
333,AC(kT=10.0),600,1,6.99761,6.99167,9.25494,4195,-17,-20.5,174
334,TWAP,600,1,6.57713,6.58667,1.76243,3952,8.5,13.5,500
334,VWAP,600,1,5.21411,5.22167,1.00014,3133,1.5,7,445
334,POV(20%),600,1,8.83386,8.84667,1.86191,5308,7.5,15.5,212
334,AC(kT=0.5),600,1,-2.10362,-2.10667,0.32322,-1264,-0.5,0,500
334,AC(kT=2.0),600,1,5.04102,5.04833,1.18379,3029,3,4,444
334,AC(kT=5.0),600,1,5.84819,5.85667,-1.58222,3514,11,12.5,279
334,AC(kT=10.0),600,1,5.46707,5.475,2.64712,3285,-10,-10,174
335,TWAP,600,1,2.53257,2.53333,0.768461,1520,12,12.5,500
335,VWAP,600,1,2.95078,2.95167,2.02387,1771,10,7.5,446
335,POV(20%),600,1,0.0283248,0.0283333,1.27195,17,-1,7.5,225
335,AC(kT=0.5),600,1,2.50258,2.50333,1.72314,1502,3,5.5,500
335,AC(kT=2.0),600,1,0.533173,0.533333,1.34323,320,-3,-4.5,444
335,AC(kT=5.0),600,1,1.3196,1.32,3.6069,792,-12,-15,279
335,AC(kT=10.0),600,1,2.76584,2.76667,0.904592,1660,2.5,2,174
336,TWAP,600,1,-4.20024,-4.19667,0.377484,-2518,-3,0,500
336,VWAP,600,1,5.63813,5.63333,-1.84303,3380,34,33,445
336,POV(20%),550,0.916667,5.43295,5.42833,1.08992,2557,14,12.5,218
336,AC(kT=0.5),600,1,-2.02172,-2.02,0.742274,-1212,0,3,500
336,AC(kT=2.0),600,1,3.04592,3.04333,-0.393451,1826,12.5,15,444
336,AC(kT=5.0),600,1,2.18185,2.18,2.56348,1308,2,-6.5,279
336,AC(kT=10.0),600,1,3.72316,3.72,3.30683,2232,0,3,174
337,TWAP,600,1,28.3739,28.3583,3.97443,17015,36,34.5,500
337,VWAP,600,1,-4.97107,-4.96833,-2.20649,-2981,-20.5,-24.5,445
337,POV(20%),600,1,12.3835,12.3767,1.78573,7426,9.5,7,203
337,AC(kT=0.5),600,1,5.453,5.45,0.425982,3270,-9,-9,500
337,AC(kT=2.0),600,1,17.4646,17.455,1.22009,10473,21.5,22.5,444
337,AC(kT=5.0),600,1,11.2529,11.2467,2.65928,6748,5,4.5,279
337,AC(kT=10.0),600,1,6.57195,6.56833,-3.40405,3941,19,18.5,174
338,TWAP,600,1,2.00047,2.00167,1.60611,1201,-1.5,0.5,500
338,VWAP,600,1,0.534679,0.535,0.806026,321,-5.5,0,445
338,POV(20%),600,1,5.9964,6,0.892342,3600,11,10.5,227
338,AC(kT=0.5),600,1,6.01639,6.02,2.03936,3612,5,5,500
338,AC(kT=2.0),600,1,6.12632,6.13,-0.0500466,3678,7,5,444
338,AC(kT=5.0),600,1,5.34346,5.34667,-3.72548,3208,12,9.5,279
338,AC(kT=10.0),600,1,4.07922,4.08167,5.71202,2449,-10.5,-8.5,174
339,TWAP,600,1,13.1798,13.195,2.86044,7917,16,16,500
339,VWAP,600,1,8.46526,8.475,0.773123,5085,11.5,10.5,445
339,POV(20%),600,1,9.38754,9.39833,0.727961,5639,12.5,12.5,241
339,AC(kT=0.5),600,1,9.63892,9.65,1.5522,5790,18.5,19,500
339,AC(kT=2.0),600,1,6.24615,6.25333,2.34762,3752,17.5,6.5,444
339,AC(kT=5.0),600,1,7.48639,7.495,-4.18924,4497,22.5,22,279
339,AC(kT=10.0),600,1,5.78168,5.78833,-4.63561,3473,14,12,174
340,TWAP,600,1,0.294808,0.295,1.20851,177,-2.5,-1.5,500
340,VWAP,600,1,3.21125,3.21333,1.07912,1928,2,0.5,445
340,POV(20%),600,1,2.94642,2.94833,1.31761,1769,-0.5,3,217
340,AC(kT=0.5),600,1,-1.38077,-1.38167,0.936842,-829,-4.5,-0.5,500
340,AC(kT=2.0),600,1,3.7409,3.74333,0.268246,2246,6,13,444
340,AC(kT=5.0),600,1,3.09799,3.1,-3.70968,1860,14.5,12,279
340,AC(kT=10.0),600,1,2.6716,2.67333,0.319698,1604,-4.5,-8,174
341,TWAP,600,1,2.65394,2.655,0.832893,1593,9,6.5,500
341,VWAP,600,1,-2.67726,-2.67833,1.04767,-1607,-4,-4,445
341,POV(20%),600,1,-5.19959,-5.20167,2.02252,-3121,-13.5,-12.5,233
341,AC(kT=0.5),600,1,0.7497,0.75,0.531716,450,2.5,-1,500
341,AC(kT=2.0),600,1,-3.12042,-3.12167,1.71247,-1873,-9.5,-5.5,444
341,AC(kT=5.0),600,1,1.8226,1.82333,0.210761,1094,2,8,279
341,AC(kT=10.0),600,1,3.5719,3.57333,-3.31509,2144,6,4.5,174
342,TWAP,600,1,18.2523,18.255,2.72064,10953,24.5,25,500
342,VWAP,600,1,5.52084,5.52167,0.399374,3313,6,5.5,445
342,POV(20%),600,1,4.2277,4.22833,1.19964,2537,4,3.5,236
342,AC(kT=0.5),600,1,19.677,19.68,2.32151,11808,29.5,30,500
342,AC(kT=2.0),600,1,5.86579,5.86667,0.60343,3520,10,7,444
342,AC(kT=5.0),600,1,8.10378,8.105,-1.71715,4863,17.5,17.5,279
342,AC(kT=10.0),600,1,8.56871,8.57,-4.80019,5142,15.5,17,174
343,TWAP,600,1,-0.733003,-0.733333,2.40329,-440,-12.5,-24.5,500
343,VWAP,600,1,1.32607,1.32667,1.06204,796,-9.5,-13,445
343,POV(20%),600,1,10.9784,10.9833,1.02424,6590,12.5,10.5,230
343,AC(kT=0.5),600,1,3.55007,3.55167,1.01339,2131,8,16,500
343,AC(kT=2.0),600,1,3.79163,3.79333,2.03984,2276,1.5,0.5,444
343,AC(kT=5.0),600,1,1.78753,1.78833,2.1982,1073,0.5,-4,279
343,AC(kT=10.0),600,1,3.2502,3.25167,-0.455157,1951,3,6.5,174
344,TWAP,600,1,14.7559,14.7567,1.11369,8854,30,28,500
344,VWAP,600,1,8.99455,8.995,1.03961,5397,13,18,445
344,POV(20%),600,1,9.56452,9.565,0.945347,5739,17.5,16,239
344,AC(kT=0.5),600,1,17.5691,17.57,0.454217,10542,43,44.5,500
344,AC(kT=2.0),600,1,8.54124,8.54167,-0.311291,5125,17,13,444
344,AC(kT=5.0),600,1,5.65472,5.655,-0.580323,3393,11.5,6.5,279
344,AC(kT=10.0),600,1,6.04636,6.04667,-7.62798,3628,30.5,43,174
345,TWAP,600,1,5.27035,5.27167,0.965122,3163,4.5,3,500
345,VWAP,600,1,12.9268,12.93,1.20839,7758,12.5,16.5,445
345,POV(20%),600,1,8.43956,8.44167,1.4116,5065,6.5,10.5,227
345,AC(kT=0.5),600,1,6.86662,6.86833,0.738198,4121,19,24,500
345,AC(kT=2.0),600,1,17.1057,17.11,-4.9167,10266,41.5,47.5,444
345,AC(kT=5.0),600,1,9.26935,9.27167,0.868039,5563,14,10,279
345,AC(kT=10.0),600,1,7.09323,7.095,0.867923,4257,5.5,7,174
346,TWAP,600,1,1.11717,1.11667,1.80257,670,-0.5,-1.5,500
346,VWAP,600,1,2.96133,2.96,0.997503,1776,7,3.5,445
346,POV(20%),600,1,0.915412,0.915,1.25985,549,2.5,11,222
346,AC(kT=0.5),600,1,6.70969,6.70667,3.04255,4024,5,0,500
346,AC(kT=2.0),600,1,2.39608,2.395,0.933109,1437,4.5,7,444
346,AC(kT=5.0),600,1,0.940423,0.94,4.78304,564,-14,-16.5,279
346,AC(kT=10.0),600,1,0.2968,0.296667,-10.6325,178,23,22.5,174
347,TWAP,600,1,6.8153,6.81667,1.73682,4090,7.5,7.5,500
347,VWAP,600,1,6.79031,6.79167,1.06636,4075,4,-4,445
347,POV(20%),600,1,8.26168,8.26333,1.07439,4958,8,8.5,217
347,AC(kT=0.5),600,1,12.6625,12.665,1.93765,7599,17,16,500
347,AC(kT=2.0),600,1,5.6772,5.67833,2.52122,3407,-7.5,-0.5,444
347,AC(kT=5.0),600,1,6.11878,6.12,-3.27635,3672,21,22.5,279
347,AC(kT=10.0),600,1,5.44558,5.44667,3.75429,3268,-7,-7,174
348,TWAP,600,1,3.00348,3.00333,1.53105,1802,4,7,500
348,VWAP,600,1,20.5527,20.5517,2.35035,12331,35,33.5,445
348,POV(20%),600,1,6.32532,6.325,0.279264,3795,12,11,211
348,AC(kT=0.5),600,1,2.96181,2.96167,1.5168,1777,4,7,500
348,AC(kT=2.0),600,1,14.6091,14.6083,0.636822,8765,28.5,23.5,444
348,AC(kT=5.0),600,1,5.22693,5.22667,-5.52075,3136,23.5,36.5,279
348,AC(kT=10.0),600,1,5.14359,5.14333,-2.70556,3086,8.5,4,174
349,TWAP,600,1,0.128276,0.128333,1.8526,77,6,6.5,500
349,VWAP,600,1,-3.05696,-3.05833,1.226,-1835,-3.5,-1.5,445
349,POV(20%),600,1,-4.16479,-4.16667,-0.0117732,-2500,-0.5,-2.5,209
349,AC(kT=0.5),600,1,0.186583,0.186667,1.54821,112,3,-2.5,500
349,AC(kT=2.0),600,1,-3.43012,-3.43167,1.16314,-2059,-6,-1,444
349,AC(kT=5.0),600,1,1.26776,1.26833,-2.64525,761,14,12,279
349,AC(kT=10.0),600,1,1.32607,1.32667,-4.57936,796,19,17.5,174
350,TWAP,600,1,6.58226,6.57667,1.63997,3946,5,7.5,500
350,VWAP,600,1,6.26699,6.26167,0.794883,3757,7.5,5.5,445
350,POV(20%),600,1,3.82325,3.82,-0.643771,2292,16,14.5,232
350,AC(kT=0.5),600,1,4.36871,4.365,0.835304,2619,6,7,500
350,AC(kT=2.0),600,1,5.62979,5.625,1.01405,3375,2.5,4,444
350,AC(kT=5.0),600,1,4.84412,4.84,-0.748252,2904,9.5,4,279
350,AC(kT=10.0),600,1,5.17106,5.16667,-0.8123,3100,10.5,12,174
351,TWAP,600,1,3.10782,3.11,1.18275,1866,1,-1,500
351,VWAP,600,1,1.424,1.425,0.956732,855,-2,3.5,445
351,POV(20%),600,1,8.13264,8.13833,-0.351799,4883,19,4.5,241
351,AC(kT=0.5),600,1,8.48739,8.49333,2.35923,5096,-1,1.5,500
351,AC(kT=2.0),600,1,3.21109,3.21333,1.38532,1928,-2,-1,444
351,AC(kT=5.0),600,1,7.45645,7.46167,-2.85164,4477,17.5,21,279
351,AC(kT=10.0),600,1,5.82925,5.83333,-7.44191,3500,18,15,174
352,TWAP,600,1,-3.31182,-3.31,0.490497,-1986,-8.5,-16,500
352,VWAP,600,1,7.43409,7.43,0.778082,4458,15,12.5,445
352,POV(20%),600,1,-3.08003,-3.07833,0.316588,-1847,4.5,0,236
352,AC(kT=0.5),600,1,1.07226,1.07167,1.21381,643,1.5,1,500
352,AC(kT=2.0),600,1,3.76374,3.76167,0.652958,2257,5,1.5,444
352,AC(kT=5.0),600,1,-0.0300165,-0.03,0.255967,-18,-1,-0.5,279
352,AC(kT=10.0),600,1,3.09337,3.09167,-6.2942,1855,14,18,174
353,TWAP,600,1,-7.00814,-6.99167,0.955552,-4195,-6,-9,500
353,VWAP,600,1,11.771,11.7433,4.61593,7046,29,27.5,445
353,POV(20%),600,1,-10.9591,-10.9333,0.0817254,-6560,-1.5,-2.5,204
353,AC(kT=0.5),600,1,-7.77327,-7.755,1.15028,-4653,-10.5,-13,500
353,AC(kT=2.0),600,1,-5.84039,-5.82667,1.46648,-3496,-6,-7,444
353,AC(kT=5.0),600,1,-18.4918,-18.4483,2.80621,-11069,-27.5,-25.5,279
353,AC(kT=10.0),600,1,-11.3851,-11.3583,4.74542,-6815,-16,-14.5,174
354,TWAP,600,1,7.76762,7.775,1.72027,4665,14,9,500
354,VWAP,600,1,2.63583,2.63833,1.00556,1583,-3,0,445
354,POV(20%),600,1,5.70125,5.70667,0.973409,3424,10,11,232
354,AC(kT=0.5),600,1,3.11537,3.11833,0.813409,1871,10,11,500
354,AC(kT=2.0),600,1,2.98883,2.99167,0.322488,1795,8.5,11.5,444
354,AC(kT=5.0),600,1,2.79401,2.79667,1.19661,1678,2,2.5,279
354,AC(kT=10.0),600,1,4.82708,4.83167,3.69518,2899,-9,-12.5,174
355,TWAP,600,1,11.1261,11.1417,1.97328,6685,15,14.5,500
355,VWAP,600,1,14.3865,14.4067,2.59339,8644,15.5,17,445
355,POV(20%),600,1,16.209,16.2317,-0.919942,9739,22.5,21,200
355,AC(kT=0.5),600,1,8.25178,8.26333,1.62084,4958,8.5,6.5,500
355,AC(kT=2.0),600,1,10.7117,10.7267,2.0654,6436,4,7,444
355,AC(kT=5.0),600,1,12.3594,12.3767,-7.22055,7426,34,35.5,279
355,AC(kT=10.0),600,1,8.5497,8.56167,1.23679,5137,14,8.5,174
356,TWAP,600,1,-7.23928,-7.24,-0.383591,-4344,-3.5,-1.5,500
356,VWAP,600,1,-9.63404,-9.635,1.22918,-5781,-19.5,-21.5,445
356,POV(20%),600,1,-5.39946,-5.4,0.461492,-3240,2.5,-1.5,221
356,AC(kT=0.5),600,1,-2.71473,-2.715,0.75442,-1629,0,-4.5,500
356,AC(kT=2.0),600,1,-6.86598,-6.86667,0.709361,-4120,-4,-4,444
356,AC(kT=5.0),600,1,1.08822,1.08833,-1.23819,653,8.5,10,279
356,AC(kT=10.0),600,1,2.15812,2.15833,0.231664,1295,4,3,174
357,TWAP,600,1,10.4602,10.455,1.10584,6273,9,25,500
357,VWAP,600,1,8.16408,8.16,0.492101,4896,18,17.5,445
357,POV(20%),600,1,1.1906,1.19,1.38817,714,1.5,20.5,214
357,AC(kT=0.5),600,1,6.93847,6.935,2.63868,4161,6,6,500
357,AC(kT=2.0),600,1,7.14024,7.13667,-1.56034,4282,21.5,24,444
357,AC(kT=5.0),600,1,-0.790395,-0.79,7.49638,-474,-24,-25,279
357,AC(kT=10.0),600,1,2.54794,2.54667,-7.65893,1528,17.5,22.5,174
358,TWAP,600,1,3.92235,3.91667,1.32444,2350,4,6,500
358,VWAP,600,1,6.34754,6.33833,0.528397,3803,18,16,445
358,POV(20%),600,1,5.63651,5.62833,-0.612318,3377,21,23,228
358,AC(kT=0.5),600,1,3.77214,3.76667,1.24345,2260,4,7,500
358,AC(kT=2.0),600,1,4.18941,4.18333,-0.68623,2510,7,9,444
358,AC(kT=5.0),600,1,3.43999,3.435,-4.26101,2061,20,11.5,280
358,AC(kT=10.0),600,1,3.15958,3.155,-1.25976,1893,1.5,4.5,174
359,TWAP,600,1,6.19279,6.19,0.953202,3714,18.5,19,500
359,VWAP,600,1,-4.55538,-4.55333,1.2527,-2732,-13,-14.5,445
359,POV(20%),600,1,-1.87918,-1.87833,1.49665,-1127,-10,-9.5,241
359,AC(kT=0.5),600,1,4.59373,4.59167,1.73446,2755,5.5,3,500
359,AC(kT=2.0),600,1,-3.60496,-3.60333,3.24178,-2162,-17.5,-18,444
359,AC(kT=5.0),600,1,3.42988,3.42833,0.661325,2057,2,1,279
359,AC(kT=10.0),600,1,3.1214,3.12,1.53523,1872,-3.5,-4.5,174
360,TWAP,600,1,11.5928,11.5917,2.56019,6955,11.5,11.5,500
360,VWAP,600,1,7.55409,7.55333,0.858202,4532,6,7.5,445
360,POV(20%),600,1,5.25053,5.25,2.17825,3150,0.5,1,219
360,AC(kT=0.5),600,1,10.2444,10.2433,1.70592,6146,13.5,11.5,500
360,AC(kT=2.0),600,1,9.74931,9.74833,1.01424,5849,18,20.5,444
360,AC(kT=5.0),600,1,6.11728,6.11667,-3.36303,3670,10.5,9.5,279
360,AC(kT=10.0),600,1,6.03894,6.03833,-7.14232,3623,14,12,174
361,TWAP,600,1,2.91421,2.91333,1.66781,1748,1,-4.5,500
361,VWAP,600,1,-11.3001,-11.2967,0.600589,-6778,-17.5,-20,445
361,POV(20%),600,1,-12.5704,-12.5667,2.42186,-7540,-24,-22.5,233
361,AC(kT=0.5),600,1,-2.8942,-2.89333,1.16864,-1736,-8,-10,500
361,AC(kT=2.0),600,1,-9.73125,-9.72833,0.556074,-5837,-8.5,-5.5,444
361,AC(kT=5.0),600,1,-1.82888,-1.82833,0.709024,-1097,-6,-7.5,279
361,AC(kT=10.0),600,1,1.79554,1.795,-3.34185,1077,6.5,4.5,174
362,TWAP,600,1,-8.01498,-8.025,2.75289,-4815,-18.5,-14,500
362,VWAP,600,1,-2.11735,-2.12,1.14916,-1272,-3,-4.5,445
362,POV(20%),600,1,-3.99168,-3.99667,1.37163,-2398,-5,-1,234
362,AC(kT=0.5),600,1,-0.719101,-0.72,1.09879,-432,2,1.5,500
362,AC(kT=2.0),600,1,-0.72243,-0.723333,1.12816,-434,-4,-2.5,444
362,AC(kT=5.0),600,1,0.384519,0.385,-0.500507,231,-4.5,-5.5,279
362,AC(kT=10.0),600,1,1.30504,1.30667,3.75056,784,-5.5,-6,174
363,TWAP,600,1,-2.18061,-2.18333,0.784374,-1310,0,-0.5,500
363,VWAP,600,1,-9.93924,-9.95167,1.30283,-5971,-14.5,-15,445
363,POV(20%),600,1,-8.71078,-8.72167,0.832741,-5233,-5.5,-5,204
363,AC(kT=0.5),600,1,3.09114,3.095,2.15571,1857,6,7,500
363,AC(kT=2.0),600,1,-7.64378,-7.65333,1.83958,-4592,-17.5,-16,444
363,AC(kT=5.0),600,1,-1.32667,-1.32833,4.51864,-797,-18,-14,279
363,AC(kT=10.0),600,1,0.669164,0.67,-0.764881,402,-0.5,3,174
364,TWAP,600,1,13.9032,13.8983,0.434758,8339,21.5,22,500
364,VWAP,600,1,-1.08371,-1.08333,1.32628,-650,-6,1.5,445
364,POV(20%),594,0.99,4.03308,4.03167,1.17965,2383,6,-2,246
364,AC(kT=0.5),600,1,-2.31748,-2.31667,0.50944,-1390,-5,-7,500
364,AC(kT=2.0),600,1,1.35881,1.35833,1.54729,815,-1,1.5,445
364,AC(kT=5.0),600,1,4.48324,4.48167,-1.58183,2689,13.5,11.5,279
364,AC(kT=10.0),600,1,3.83134,3.83,3.28952,2298,-1,-1,174
365,TWAP,600,1,6.43707,6.44833,1.13261,3869,19.5,20.5,500
365,VWAP,600,1,3.98968,3.99667,0.724242,2398,5,13.5,445
365,POV(20%),567,0.945,6.32393,6.335,1.0169,3421.5,11.5,12.5,236
365,AC(kT=0.5),600,1,7.01772,7.03,1.60497,4218,10.5,6,500
365,AC(kT=2.0),600,1,7.89452,7.90833,-3.237,4745,29.5,35.5,444
365,AC(kT=5.0),600,1,3.28592,3.29167,0.0651743,1975,6.5,5.5,279
365,AC(kT=10.0),600,1,3.5621,3.56833,-1.28502,2141,5.5,6,174
366,TWAP,600,1,5.98863,5.98833,1.24159,3593,12.5,6,500
366,VWAP,600,1,2.17178,2.17167,1.19115,1303,5.5,6.5,447
366,POV(20%),585,0.975,-7.49037,-7.49,1.29093,-4201.5,-19.5,-25,222
366,AC(kT=0.5),600,1,2.80514,2.805,0.961351,1683,6,4,500
366,AC(kT=2.0),600,1,3.75019,3.75,-0.827574,2250,19,18,444
366,AC(kT=5.0),600,1,-0.163342,-0.163333,-0.64765,-98,3.5,9,279
366,AC(kT=10.0),600,1,4.06354,4.06333,-8.32288,2438,21.5,22,174
367,TWAP,600,1,-0.20026,-0.2,0.418079,-120,11,15,500
367,VWAP,600,1,3.36604,3.36167,1.09629,2017,7.5,7.5,445
367,POV(20%),600,1,4.07363,4.06833,0.602964,2441,9.5,9.5,229
367,AC(kT=0.5),600,1,-2.39812,-2.395,0.588638,-1437,4,2,500
367,AC(kT=2.0),600,1,-4.09199,-4.08667,1.46363,-2452,-6.5,-4,444
367,AC(kT=5.0),600,1,0.0600781,0.06,-1.99304,36,11.5,7.5,279
367,AC(kT=10.0),600,1,3.5613,3.55667,-1.22015,2134,3.5,-1.5,174
368,TWAP,600,1,16.8242,16.8183,1.84092,10091,25.5,23.5,500
368,VWAP,600,1,6.60731,6.605,0.78339,3963,2,1,445
368,POV(20%),600,1,12.7595,12.755,1.06185,7653,16,21,225
368,AC(kT=0.5),600,1,12.3477,12.3433,1.65288,7406,10,8.5,500
368,AC(kT=2.0),600,1,7.3209,7.31833,1.74563,4391,-4,-7.5,444
368,AC(kT=5.0),600,1,16.4007,16.395,2.00304,9837,2,-1,279
368,AC(kT=10.0),600,1,14.2917,14.2867,-3.11142,8572,20,16,174
369,TWAP,600,1,19.9256,19.9067,1.24628,11944,41,36,500
369,VWAP,600,1,3.21472,3.21167,1.79166,1927,1,3,445
369,POV(20%),600,1,11.6411,11.63,-2.86637,6978,36.5,34.5,231
369,AC(kT=0.5),600,1,8.11104,8.10333,0.326202,4862,18.5,15,500
369,AC(kT=2.0),600,1,-1.94018,-1.93833,0.482339,-1163,-2.5,-5,444
369,AC(kT=5.0),600,1,7.49712,7.49,-4.07724,4494,13,14.5,279
369,AC(kT=10.0),600,1,6.22258,6.21667,-3.47367,3730,10,6.5,174
370,TWAP,600,1,-7.31581,-7.32167,-0.0670133,-4393,-18.5,-22,500
370,VWAP,600,1,2.06835,2.07,0.819242,1242,5.5,6,445
370,POV(20%),600,1,5.94358,5.94833,-0.393678,3569,19,20.5,220
370,AC(kT=0.5),600,1,-1.00253,-1.00333,0.410833,-602,5.5,7.5,500
370,AC(kT=2.0),600,1,3.91853,3.92167,-0.0657203,2353,9,9.5,445
370,AC(kT=5.0),600,1,2.40807,2.41,-3.92907,1446,21,20,279
370,AC(kT=10.0),600,1,1.97675,1.97833,5.64318,1187,-2,-3,174
371,TWAP,600,1,5.10821,5.11,0.825918,3066,11,11.5,500
371,VWAP,600,1,-0.60812,-0.608333,0.635498,-365,-10,-14,445
371,POV(20%),600,1,10.2031,10.2067,-0.477542,6124,25,17.5,226
371,AC(kT=0.5),600,1,5.01158,5.01333,0.742545,3008,11,11.5,500
371,AC(kT=2.0),600,1,7.63899,7.64167,2.35161,4585,-4.5,-12.5,444
371,AC(kT=5.0),600,1,3.81033,3.81167,6.43513,2287,-15,-15,279
371,AC(kT=10.0),600,1,5.68134,5.68333,-3.48677,3410,15,20,174
372,TWAP,600,1,12.2518,12.2567,0.733191,7354,33.5,34.5,500
372,VWAP,600,1,0.293216,0.293333,1.25945,176,-1,2.5,445
372,POV(20%),600,1,5.51279,5.515,-0.635925,3309,22.5,17.5,219
372,AC(kT=0.5),600,1,5.71105,5.71333,1.96561,3428,9,9,500
372,AC(kT=2.0),600,1,5.91763,5.92,-1.03478,3552,7,8.5,444
372,AC(kT=5.0),600,1,3.80514,3.80667,-5.20754,2284,21,19,279
372,AC(kT=10.0),600,1,1.93589,1.93667,1.13,1162,8,8.5,174
373,TWAP,600,1,5.00598,5.02,1.53917,3012,0.5,3,500
373,VWAP,600,1,1.41271,1.41667,1.12846,850,2,0,445
373,POV(20%),600,1,6.92727,6.94667,0.892048,4168,7,8,240
373,AC(kT=0.5),600,1,4.90294,4.91667,1.44156,2950,0.5,1,500
373,AC(kT=2.0),600,1,2.85201,2.86,-0.534631,1716,9,5.5,444
373,AC(kT=5.0),600,1,5.76719,5.78333,0.158606,3470,1.5,4.5,279
373,AC(kT=10.0),600,1,4.72178,4.735,2.5525,2841,-2.5,-0.5,174
374,TWAP,600,1,1.77691,1.77833,1.05861,1067,3.5,-2.5,500
374,VWAP,600,1,2.29983,2.30167,0.998724,1381,8.5,11.5,445
374,POV(20%),600,1,8.10518,8.11167,0.873503,4867,10,11,240
374,AC(kT=0.5),600,1,13.0296,13.04,3.08661,7824,23.5,23,500
374,AC(kT=2.0),600,1,1.39055,1.39167,0.997413,835,5,4.5,444
374,AC(kT=5.0),600,1,3.93685,3.94,-2.08233,2364,11.5,8.5,279
374,AC(kT=10.0),600,1,3.13582,3.13833,0.345415,1883,1.5,2.5,174
375,TWAP,600,1,-2.50496,-2.50333,0.782566,-1502,-3,-2.5,500
375,VWAP,600,1,-0.76383,-0.763333,0.950137,-458,-3,0,445
375,POV(20%),600,1,-0.952286,-0.951667,1.29633,-571,-5.5,-2.5,237
375,AC(kT=0.5),600,1,-2.21644,-2.215,0.753879,-1329,-5,-3.5,500
375,AC(kT=2.0),600,1,1.00732,1.00667,0.458752,604,7,3,444
375,AC(kT=5.0),600,1,1.99963,1.99833,-0.479451,1199,8.5,13,279
375,AC(kT=10.0),600,1,2.12138,2.12,0.103507,1272,6.5,9.5,174
376,TWAP,600,1,4.54743,4.54333,0.273024,2726,14,9,500
376,VWAP,600,1,5.36816,5.36333,0.882939,3218,0.5,1.5,445
376,POV(20%),600,1,8.10062,8.09333,1.06991,4856,17,7.5,230
376,AC(kT=0.5),600,1,6.97461,6.96833,1.50476,4181,5,3.5,500
376,AC(kT=2.0),600,1,9.09652,9.08833,-0.357685,5453,12.5,17.5,444
376,AC(kT=5.0),600,1,7.50842,7.50167,-1.87268,4501,15,17,279
376,AC(kT=10.0),600,1,7.08304,7.07667,-3.14807,4246,15.5,19.5,174
377,TWAP,600,1,1.62532,1.62167,0.136412,973,-3.5,-10,500
377,VWAP,600,1,8.24188,8.22333,0.596169,4934,11,7.5,445
377,POV(20%),600,1,11.2503,11.225,0.708907,6735,15.5,16,231
377,AC(kT=0.5),600,1,9.76363,9.74167,1.28185,5845,10,4,500
377,AC(kT=2.0),600,1,9.61664,9.595,0.831998,5757,8,6.5,444
377,AC(kT=5.0),600,1,4.71895,4.70833,1.05983,2825,1.5,5,279
377,AC(kT=10.0),600,1,6.00017,5.98667,1.49677,3592,-5,-3,174
378,TWAP,600,1,14.6289,14.615,2.35805,8769,15,16.5,500
378,VWAP,600,1,-5.62534,-5.62,0.932735,-3372,-11.5,-12.5,445
378,POV(20%),600,1,-5.43683,-5.43167,4.4288,-3259,-22.5,-20,221
378,AC(kT=0.5),600,1,6.95828,6.95167,2.03251,4171,9.5,3,500
378,AC(kT=2.0),600,1,-1.59151,-1.59,1.43398,-954,-13,-13.5,444
378,AC(kT=5.0),600,1,4.41419,4.41,-3.16812,2646,13,16.5,279
378,AC(kT=10.0),600,1,3.77525,3.77167,-1.13547,2263,4.5,8,174
379,TWAP,600,1,1.20329,1.20167,0.664946,721,-3,-4,500
379,VWAP,600,1,9.77653,9.76333,1.14922,5858,7,8.5,445
379,POV(20%),574,0.956667,7.51515,7.505,1.18612,4191,12,18,226
379,AC(kT=0.5),600,1,9.7298,9.71667,1.26892,5830,15.5,20,500
379,AC(kT=2.0),600,1,4.13725,4.13167,0.540621,2479,-0.5,-0.5,444
379,AC(kT=5.0),600,1,2.2497,2.24667,5.82137,1348,-15,-15.5,279
379,AC(kT=10.0),600,1,3.56648,3.56167,-0.120904,2137,5,6.5,174
380,TWAP,600,1,-0.925324,-0.925,1.13626,-555,-1,-0.5,500
380,VWAP,600,1,9.34494,9.34167,0.65033,5605,23.5,20.5,445
380,POV(20%),600,1,1.89733,1.89667,1.13444,1138,2,-2.5,223
380,AC(kT=0.5),600,1,-2.67594,-2.675,0.834456,-1605,1,1.5,500
380,AC(kT=2.0),600,1,6.17549,6.17333,-0.447514,3704,20.5,19.5,444
380,AC(kT=5.0),600,1,-0.923657,-0.923333,-1.62935,-554,3.5,0,279
380,AC(kT=10.0),600,1,-0.143384,-0.143333,0.326156,-86,10.5,11.5,174
381,TWAP,600,1,4.01295,4.00833,1.07246,2405,5,-1,500
381,VWAP,600,1,4.2065,4.20167,0.716506,2521,5,6.5,445
381,POV(20%),600,1,2.73648,2.73333,2.73115,1640,-8.5,-11,224
381,AC(kT=0.5),600,1,0.924396,0.923333,1.1043,554,-5,-1.5,500
381,AC(kT=2.0),600,1,2.63637,2.63333,0.996207,1580,2.5,4.5,444
381,AC(kT=5.0),600,1,-0.759206,-0.758333,6.1988,-455,-21,-20.5,279
381,AC(kT=10.0),600,1,2.64471,2.64167,1.28207,1585,-1.5,-2.5,174
382,TWAP,600,1,5.2335,5.23167,2.50877,3139,2,5.5,500
382,VWAP,600,1,-0.995348,-0.995,1.08106,-597,2.5,4.5,445
382,POV(20%),600,1,-1.98069,-1.98,1.07286,-1188,3,16.5,234
382,AC(kT=0.5),600,1,3.72797,3.72667,1.42467,2236,5,1.5,500
382,AC(kT=2.0),600,1,-5.39189,-5.39,1.33342,-3234,-8.5,-7,444
382,AC(kT=5.0),600,1,-1.40549,-1.405,4.06151,-843,-14,-17.5,279
382,AC(kT=10.0),600,1,3.37285,3.37167,1.15909,2023,-1,0,174
383,TWAP,600,1,8.0628,8.07167,1.17363,4843,24,22.5,500
383,VWAP,600,1,10.039,10.05,-0.190304,6030,8.5,-2.5,445
383,POV(20%),600,1,4.7298,4.735,0.556725,2841,9.5,7,221
383,AC(kT=0.5),600,1,4.56498,4.57,1.78109,2742,4,2.5,500
383,AC(kT=2.0),600,1,8.08943,8.09833,0.497749,4859,9.5,9.5,444
383,AC(kT=5.0),600,1,3.77085,3.775,2.22884,2265,-4.5,-6.5,279
383,AC(kT=10.0),600,1,4.71981,4.725,-4.58175,2835,9,9.5,174
384,TWAP,600,1,3.83002,3.835,1.6194,2301,7,6.5,500
384,VWAP,600,1,6.40334,6.41167,0.354981,3847,20,22,445
384,POV(20%),600,1,3.14258,3.14667,1.20585,1888,4,6.5,236
384,AC(kT=0.5),600,1,4.47085,4.47667,1.01309,2686,11,11,500
384,AC(kT=2.0),600,1,3.91658,3.92167,0.80126,2353,0.5,-5.5,444
384,AC(kT=5.0),600,1,3.81504,3.82,-3.06867,2292,20.5,28,279
384,AC(kT=10.0),600,1,3.72516,3.73,-3.03333,2238,15,10,174
385,TWAP,600,1,6.44672,6.44833,1.64896,3869,12,18.5,500
385,VWAP,600,1,5.13705,5.13833,1.20577,3083,11,22.5,445
385,POV(20%),600,1,4.04232,4.04333,0.973618,2426,7.5,7.5,233
385,AC(kT=0.5),600,1,5.60693,5.60833,2.10022,3365,1.5,1.5,500
385,AC(kT=2.0),600,1,5.27868,5.28,0.778311,3168,11,15.5,444
385,AC(kT=5.0),600,1,8.73448,8.73667,0.589407,5242,5.5,5.5,279
385,AC(kT=10.0),600,1,3.89236,3.89333,0.623218,2336,-2,-7,174
386,TWAP,600,1,0.753183,0.753333,0.82881,452,2,7.5,500
386,VWAP,600,1,6.4937,6.495,0.472974,3897,10.5,5,445
386,POV(20%),600,1,-0.933147,-0.933333,3.59513,-560,-14.5,-13.5,223
386,AC(kT=0.5),600,1,0.79984,0.8,0.900637,480,1,16.5,500
386,AC(kT=2.0),600,1,2.91608,2.91667,1.66885,1750,-6.5,-10,444
386,AC(kT=5.0),600,1,1.29141,1.29167,1.36796,775,-2.5,-6,279
386,AC(kT=10.0),600,1,2.9994,3,-0.264818,1800,3,-0.5,174
387,TWAP,600,1,4.45188,4.455,1.18485,2673,3.5,2.5,500
387,VWAP,600,1,3.07951,3.08167,-0.284937,1849,24,31,445
387,POV(20%),600,1,-0.622897,-0.623333,0.935901,-374,2,2.5,230
387,AC(kT=0.5),600,1,-0.776123,-0.776667,0.839746,-466,-2,0,500
387,AC(kT=2.0),600,1,-0.544619,-0.545,1.68607,-327,-5,-6.5,444
387,AC(kT=5.0),600,1,6.6187,6.62333,3.24792,3974,-3,-4,279
387,AC(kT=10.0),600,1,3.27271,3.275,5.54174,1965,-4.5,-6,174
388,TWAP,600,1,1.34882,1.34667,1.45872,808,0,3,500
388,VWAP,600,1,2.77444,2.77,1.14729,1662,5,3.5,445
388,POV(20%),600,1,3.4405,3.435,0.426308,2061,10,10.5,227
388,AC(kT=0.5),600,1,4.05148,4.045,0.861694,2427,13.5,18,500
388,AC(kT=2.0),600,1,2.73771,2.73333,-0.319444,1640,11,18,444
388,AC(kT=5.0),600,1,2.36879,2.365,0.400017,1419,6,7,279
388,AC(kT=10.0),600,1,2.711,2.70667,0.449042,1624,2.5,5.5,174
389,TWAP,600,1,4.90127,4.89833,1.24496,2939,4.5,2.5,500
389,VWAP,600,1,1.35415,1.35333,0.837985,812,3,5.5,445
389,POV(20%),600,1,5.80348,5.8,-2.26818,3480,18.5,17.5,226
389,AC(kT=0.5),600,1,4.65446,4.65167,1.25131,2791,1.5,3,500
389,AC(kT=2.0),600,1,-0.657061,-0.656667,3.14112,-394,-11,-13,444
389,AC(kT=5.0),600,1,3.09352,3.09167,1.17249,1855,-1.5,-3.5,279
389,AC(kT=10.0),600,1,4.36595,4.36333,3.24841,2618,-4,-5,174
390,TWAP,600,1,6.64029,6.62833,1.67885,3977,5.5,4.5,500
390,VWAP,600,1,9.81934,9.80167,0.470145,5881,8.5,11.5,445
390,POV(20%),600,1,10.4822,10.4633,-0.712135,6278,24.5,39.5,227
390,AC(kT=0.5),600,1,11.6142,11.5933,1.92113,6956,23,20,500
390,AC(kT=2.0),600,1,8.72404,8.70833,-1.48446,5225,22.5,27.5,444
390,AC(kT=5.0),600,1,6.5952,6.58333,0.578837,3950,1.5,0.5,279
390,AC(kT=10.0),600,1,5.5934,5.58333,-4.59666,3350,18.5,22.5,174
391,TWAP,600,1,24.1618,24.1533,2.71029,14492,36.5,38.5,500
391,VWAP,600,1,8.92646,8.92333,0.647941,5354,2,-5.5,445
391,POV(20%),600,1,4.57493,4.57333,1.2244,2744,4.5,2.5,221
391,AC(kT=0.5),600,1,19.0867,19.08,3.04323,11448,32,32.5,500
391,AC(kT=2.0),600,1,19.3901,19.3833,-0.923312,11630,36.5,38,444
391,AC(kT=5.0),600,1,5.46024,5.45833,-0.550989,3275,10,9,279
391,AC(kT=10.0),600,1,4.31484,4.31333,6.12043,2588,0,-3,174
392,TWAP,600,1,-0.668467,-0.668333,0.524328,-401,0,-2.5,500
392,VWAP,600,1,-0.861839,-0.861667,1.04895,-517,-3,0,445
392,POV(20%),600,1,2.95059,2.95,1.27309,1770,0,1,226
392,AC(kT=0.5),600,1,-1.92872,-1.92833,1.91085,-1157,-14,-11,500
392,AC(kT=2.0),600,1,-0.670134,-0.67,1.14947,-402,-6.5,-7,444
392,AC(kT=5.0),600,1,4.92432,4.92333,-0.860358,2954,3.5,1,279
392,AC(kT=10.0),600,1,4.45256,4.45167,-0.911603,2671,10,1,174
393,TWAP,600,1,11.8773,11.8767,2.20259,7126,18,13,500
393,VWAP,600,1,12.1706,12.17,0.258234,7302,18,21,445
393,POV(20%),600,1,14.8307,14.83,0.187333,8898,21.5,26.5,232
393,AC(kT=0.5),600,1,12.5906,12.59,2.23477,7554,20,21.5,500
393,AC(kT=2.0),600,1,8.45042,8.45,-0.451052,5070,13,8,444
393,AC(kT=5.0),600,1,8.95378,8.95333,-3.72333,5372,19,17.5,279
393,AC(kT=10.0),600,1,7.4287,7.42833,-6.50428,4457,23,18.5,174
394,TWAP,600,1,-6.89253,-6.88667,1.24085,-4132,-12.5,-14,500
394,VWAP,600,1,-1.59636,-1.595,0.99198,-957,4.5,6.5,445
394,POV(20%),600,1,1.78485,1.78333,0.746033,1070,5,4,210
394,AC(kT=0.5),600,1,-7.11938,-7.11333,0.924574,-4268,-15.5,-16.5,500
394,AC(kT=2.0),600,1,-6.2303,-6.225,2.70166,-3735,-16,-16,444
394,AC(kT=5.0),600,1,-1.91663,-1.915,-0.425485,-1149,3.5,-1.5,279
394,AC(kT=10.0),600,1,-0.458723,-0.458333,7.80014,-275,-5.5,0,174
395,TWAP,600,1,0.769538,0.77,0.773735,462,0.5,-3.5,500
395,VWAP,600,1,-4.46899,-4.47167,1.95142,-2683,-19,-22,445
395,POV(20%),600,1,4.92704,4.93,1.1163,2958,11,9,235
395,AC(kT=0.5),600,1,0.439736,0.44,1.04796,264,-0.5,-6,500
395,AC(kT=2.0),600,1,-0.39976,-0.4,-0.0244049,-240,10,7.5,444
395,AC(kT=5.0),600,1,2.43521,2.43667,2.86441,1462,-1.5,-3,279
395,AC(kT=10.0),600,1,3.55953,3.56167,2.50152,2137,2,-4,174
396,TWAP,600,1,-8.37592,-8.35833,-1.95823,-5015,-25.5,-26,500
396,VWAP,600,1,7.54251,7.52667,0.593092,4516,3,-0.5,445
396,POV(20%),600,1,8.14377,8.12667,1.3812,4876,1,2,223
396,AC(kT=0.5),600,1,7.6327,7.61667,1.77728,4570,8,23,500
396,AC(kT=2.0),600,1,12.8303,12.8033,1.21991,7682,11.5,5,444
396,AC(kT=5.0),600,1,8.98387,8.965,-4.28082,5379,18,18.5,279
396,AC(kT=10.0),600,1,7.96005,7.94333,-0.318247,4766,11.5,9,174
397,TWAP,600,1,-14.4119,-14.4083,-0.306721,-8645,-23,-23.5,500
397,VWAP,600,1,-1.66042,-1.66,0.776005,-996,-5,-9,445
397,POV(20%),600,1,0.363424,0.363333,0.747624,218,7,3,218
397,AC(kT=0.5),600,1,-3.986,-3.985,0.988556,-2391,2.5,2.5,500
397,AC(kT=2.0),600,1,-0.608485,-0.608333,1.08734,-365,-1.5,-4,444
397,AC(kT=5.0),600,1,-2.23389,-2.23333,-1.62613,-1340,13.5,13,279
397,AC(kT=10.0),600,1,0.346753,0.346667,1.41556,208,-8,-11.5,174
398,TWAP,600,1,10.3143,10.305,2.26996,6183,20.5,19.5,500
398,VWAP,600,1,9.49354,9.485,1.05585,5691,11.5,10.5,445
398,POV(20%),600,1,3.92186,3.91833,1.27189,2351,4,5.5,226
398,AC(kT=0.5),600,1,7.7453,7.73833,1.47241,4643,14,20.5,500
398,AC(kT=2.0),600,1,9.21329,9.205,0.949726,5523,8.5,7.5,444
398,AC(kT=5.0),600,1,5.60838,5.60333,0.455496,3362,1,4,279
398,AC(kT=10.0),600,1,5.26807,5.26333,-7.49053,3158,23,17.5,174
399,TWAP,600,1,2.72218,2.72,2.08421,1632,10.5,19,500
399,VWAP,600,1,-7.25747,-7.25167,1.22839,-4351,-5,-7.5,445
399,POV(20%),600,1,-0.240192,-0.24,1.47752,-144,-3,0,226
399,AC(kT=0.5),600,1,2.56872,2.56667,2.26626,1540,9,11,500
399,AC(kT=2.0),600,1,-4.54197,-4.53833,0.520555,-2723,-1,-6,444
399,AC(kT=5.0),600,1,-2.43528,-2.43333,3.86259,-1460,-10.5,-12.5,279
399,AC(kT=10.0),600,1,0.36696,0.366667,-3.77712,220,11.5,15.5,174
400,TWAP,600,1,13.8539,13.8567,2.08767,8314,16.5,17.5,500
400,VWAP,600,1,7.02526,7.02667,0.846579,4216,12,13,445
400,POV(20%),600,1,11.1711,11.1733,0.925594,6704,13.5,5.5,212
400,AC(kT=0.5),600,1,13.7123,13.715,1.58861,8229,20.5,23.5,500
400,AC(kT=2.0),600,1,4.94401,4.945,1.28072,2967,1,2.5,444
400,AC(kT=5.0),600,1,4.27581,4.27667,1.72246,2566,1.5,7,279
400,AC(kT=10.0),600,1,11.3477,11.35,-1.10226,6810,17,14.5,174
401,TWAP,600,1,12.2936,12.285,1.51532,7371,21.5,22,500
401,VWAP,600,1,9.97532,9.96833,0.232801,5981,21,23.5,445
401,POV(20%),542,0.903333,7.36682,7.36167,1.05706,3663,13,14,214
401,AC(kT=0.5),600,1,13.7963,13.7867,1.96126,8272,24,23,500
401,AC(kT=2.0),600,1,9.55002,9.54333,-0.62141,5726,17.5,18,444
401,AC(kT=5.0),600,1,5.52553,5.52167,-1.70233,3313,11.5,12,279
401,AC(kT=10.0),600,1,4.61323,4.61,3.41564,2766,-6.5,-7.5,174
402,TWAP,600,1,1.17625,1.17667,-1.10416,706,-2.5,-2.5,500
402,VWAP,600,1,2.62242,2.62333,1.00732,1574,0.5,-4,445
402,POV(20%),600,1,4.04192,4.04333,2.83013,2426,-4.5,-6,201
402,AC(kT=0.5),600,1,5.58138,5.58333,0.928996,3350,7,7,500
402,AC(kT=2.0),600,1,4.10856,4.11,0.916242,2466,5.5,11,444
402,AC(kT=5.0),600,1,6.0912,6.09333,6.40573,3656,-15,-16,279
402,AC(kT=10.0),600,1,6.69599,6.69833,-3.29505,4019,11.5,14.5,174
403,TWAP,600,1,9.70536,9.71167,1.75825,5827,13,12,500
403,VWAP,600,1,7.50012,7.505,0.598896,4503,7.5,12.5,445
403,POV(20%),600,1,6.28591,6.29,1.10189,3774,0,-4,229
403,AC(kT=0.5),600,1,15.1885,15.1983,2.82044,9119,19,20.5,500
403,AC(kT=2.0),600,1,4.7619,4.765,0.418672,2859,12.5,16,444
403,AC(kT=5.0),600,1,4.8202,4.82333,-0.588168,2894,9,15,279
403,AC(kT=10.0),600,1,8.69435,8.7,-4.84482,5220,17,19,174
404,TWAP,600,1,3.2765,3.27667,1.26723,1966,9,17.5,500
404,VWAP,600,1,5.52139,5.52167,1.08128,3313,6.5,9,445
404,POV(20%),575,0.958333,10.567,10.5675,1.16886,5990.5,14,16,220
404,AC(kT=0.5),600,1,1.95324,1.95333,1.17278,1172,2,5.5,500
404,AC(kT=2.0),600,1,2.68153,2.68167,2.4843,1609,-7.5,-9,444
404,AC(kT=5.0),600,1,6.10803,6.10833,0.378454,3665,5.5,6.5,279
404,AC(kT=10.0),600,1,4.72976,4.73,-1.87395,2838,12,18,174
405,TWAP,600,1,10.2177,10.2167,1.26786,6130,12.5,11.5,500
405,VWAP,600,1,12.1495,12.1483,0.282731,7289,24,22.5,446
405,POV(20%),600,1,9.56429,9.56333,0.786543,5738,15,12.5,235
405,AC(kT=0.5),600,1,10.081,10.08,1.71263,6048,9.5,8,500
405,AC(kT=2.0),600,1,12.8496,12.8483,-1.55101,7709,26.5,27.5,444
405,AC(kT=5.0),600,1,8.26249,8.26167,-1.38508,4957,14.5,9.5,279
405,AC(kT=10.0),600,1,7.21405,7.21333,-1.92038,4328,8.5,8,174
406,TWAP,600,1,9.62282,9.62667,2.33084,5776,12.5,19.5,500
406,VWAP,600,1,5.36119,5.36333,1.2303,3218,5,0,445
406,POV(20%),600,1,2.11415,2.115,1.42038,1269,1,1,226
406,AC(kT=0.5),600,1,1.55604,1.55667,0.607511,934,-0.5,0.5,500
406,AC(kT=2.0),600,1,6.04092,6.04333,0.259218,3626,14,15.5,444
406,AC(kT=5.0),600,1,6.76896,6.77167,-3.39976,4063,23.5,17.5,279
406,AC(kT=10.0),600,1,6.09423,6.09667,-5.84089,3658,22,24,174
407,TWAP,600,1,3.40024,3.405,0.596164,2043,12.5,18.5,500
407,VWAP,600,1,-0.517609,-0.518333,1.57081,-311,-11,-7.5,445
407,POV(20%),600,1,5.56388,5.57167,1.05739,3343,5,17,236
407,AC(kT=0.5),600,1,10.3255,10.34,1.36415,6204,14,15,500
407,AC(kT=2.0),600,1,-2.97251,-2.97667,1.75606,-1786,-10.5,-6.5,444
407,AC(kT=5.0),600,1,4.50536,4.51167,1.56707,2707,0,-2,279
407,AC(kT=10.0),600,1,5.39911,5.40667,-3.46073,3244,11,6,174
408,TWAP,600,1,4.58673,4.58833,1.21442,2753,10,11.5,500
408,VWAP,600,1,8.51202,8.515,1.2351,5109,11.5,15,445
408,POV(20%),600,1,2.70239,2.70333,1.60653,1622,0.5,-2.5,227
408,AC(kT=0.5),600,1,10.9312,10.935,1.81874,6561,18.5,20.5,500
408,AC(kT=2.0),600,1,4.42512,4.42667,0.709877,2656,6.5,7.5,444
408,AC(kT=5.0),600,1,11.2111,11.215,-2.27606,6729,18.5,19,279
408,AC(kT=10.0),600,1,8.18713,8.19,1.08039,4914,-1,-3.5,174
409,TWAP,600,1,-4.21873,-4.22,-0.0377578,-2532,3.5,-0.5,500
409,VWAP,600,1,-1.25962,-1.26,0.916395,-756,4.5,2.5,445
409,POV(20%),600,1,4.01213,4.01333,-0.544446,2408,20.5,21.5,228
409,AC(kT=0.5),600,1,3.26235,3.26333,1.61201,1958,11,12.5,500
409,AC(kT=2.0),600,1,-1.26462,-1.265,1.55071,-759,-7,-10.5,444
409,AC(kT=5.0),600,1,1.48955,1.49,-1.30377,894,11,10.5,279
409,AC(kT=10.0),600,1,2.75251,2.75333,-3.13192,1652,14.5,14,174
410,TWAP,600,1,0.223043,0.223333,0.82776,134,6.5,9,500
410,VWAP,600,1,2.35194,2.355,1.42264,1413,6,7.5,445
410,POV(20%),600,1,0.467725,0.468333,2.77151,281,-5.5,-3,211
410,AC(kT=0.5),600,1,-1.23173,-1.23333,0.619985,-740,-2,-1,500
410,AC(kT=2.0),600,1,2.07064,2.07333,-0.906706,1244,14,12,444
410,AC(kT=5.0),600,1,0.442758,0.443333,-0.0902723,266,8,10.5,279
410,AC(kT=10.0),600,1,2.22544,2.22833,7.42645,1337,-11,-9.5,174
411,TWAP,600,1,12.0056,12.005,3.3986,7203,23,21.5,500
411,VWAP,600,1,-0.813374,-0.813333,1.61406,-488,-3,-5.5,445
411,POV(20%),600,1,9.47381,9.47333,0.457307,5684,19.5,22,220
411,AC(kT=0.5),600,1,11.8339,11.8333,3.13774,7100,22.5,20.5,500
411,AC(kT=2.0),600,1,4.0602,4.06,1.43739,2436,4,2,444
411,AC(kT=5.0),600,1,3.63352,3.63333,-1.21129,2180,2,4.5,279
411,AC(kT=10.0),600,1,2.10844,2.10833,-1.44079,1265,4.5,5.5,174
412,TWAP,600,1,10.2369,10.2333,1.39936,6140,13.5,11,500
412,VWAP,600,1,15.9156,15.91,0.688377,9546,33.5,33.5,445
412,POV(20%),600,1,7.35758,7.355,0.814964,4413,11,14,232
412,AC(kT=0.5),600,1,7.09582,7.09333,0.882548,4256,12.5,11,500
412,AC(kT=2.0),600,1,8.11951,8.11667,-1.34968,4870,21.5,27.5,444
412,AC(kT=5.0),600,1,5.00342,5.00167,-0.716129,3001,7.5,6,279
412,AC(kT=10.0),600,1,5.12679,5.125,1.93291,3075,-1.5,13.5,174
413,TWAP,600,1,6.89891,6.90167,0.0118707,4141,15,9,500
413,VWAP,600,1,1.87925,1.88,0.851703,1128,-0.5,4.5,445
413,POV(20%),600,1,1.12122,1.12167,1.17301,673,5,5.5,224
413,AC(kT=0.5),600,1,0.044982,0.045,1.39946,27,-3,-3,500
413,AC(kT=2.0),600,1,0.35819,0.358333,1.77174,215,-8.5,-10.5,444
413,AC(kT=5.0),600,1,3.62022,3.62167,2.75415,2173,0,-3,279
413,AC(kT=10.0),600,1,4.80641,4.80833,1.94612,2885,4.5,4.5,174
414,TWAP,600,1,3.61946,3.62,0.410888,2172,13,14.5,500
414,VWAP,600,1,-3.05621,-3.05667,1.08409,-1834,-3.5,-3.5,445
414,POV(20%),600,1,-2.42964,-2.43,1.60371,-1458,-6,-6,222
414,AC(kT=0.5),600,1,36.4495,36.455,7.40335,21873,51.5,56,500
414,AC(kT=2.0),600,1,-4.2127,-4.21333,2.39852,-2528,-13,-11.5,444
414,AC(kT=5.0),600,1,1.14316,1.14333,1.98654,686,-5,-5.5,279
414,AC(kT=10.0),600,1,0.726558,0.726667,-7.54601,436,22,26,174
415,TWAP,600,1,7.32471,7.33167,1.73041,4399,5.5,2,500
415,VWAP,600,1,8.65511,8.66333,1.02472,5198,12.5,9.5,445
415,POV(20%),600,1,5.37656,5.38167,2.57804,3229,-11,-12,208
415,AC(kT=0.5),600,1,9.72909,9.73833,1.92317,5843,7.5,7.5,500
415,AC(kT=2.0),600,1,8.59683,8.605,0.452012,5163,12.5,10,444
415,AC(kT=5.0),600,1,4.69887,4.70333,0.0698487,2822,1.5,-0.5,279
415,AC(kT=10.0),600,1,5.45981,5.465,-2.88139,3279,13.5,25.5,174
416,TWAP,600,1,1.56047,1.56,-0.312841,936,16,7.5,500
416,VWAP,600,1,2.97423,2.97333,0.851735,1784,4,4,445
416,POV(20%),600,1,0.720216,0.72,1.49978,432,0,-4.5,227
416,AC(kT=0.5),600,1,4.33964,4.33833,0.650219,2603,12,8.5,500
416,AC(kT=2.0),600,1,3.57441,3.57333,0.64008,2144,3.5,1,444
416,AC(kT=5.0),600,1,3.8995,3.89833,0.272757,2339,3.5,7,279
416,AC(kT=10.0),600,1,2.12064,2.12,6.53569,1272,-7,-7.5,174
417,TWAP,600,1,-13.268,-13.27,1.90719,-7962,-30.5,-27.5,500
417,VWAP,600,1,-7.55887,-7.56,1.60507,-4536,-18,-22.5,445
417,POV(20%),600,1,-5.05924,-5.06,2.60784,-3036,-16.5,-15.5,213
417,AC(kT=0.5),600,1,-11.3783,-11.38,0.673004,-6828,-24.5,-25.5,500
417,AC(kT=2.0),600,1,0.356613,0.356667,1.54581,214,-2.5,-1.5,444
417,AC(kT=5.0),600,1,1.72974,1.73,-0.117803,1038,4.5,4,279
417,AC(kT=10.0),600,1,3.33783,3.33833,-0.566592,2003,3.5,3,174
418,TWAP,600,1,10.4108,10.4067,2.38584,6244,-0.5,-9.5,500
418,VWAP,600,1,9.8306,9.82667,0.776131,5896,13.5,13.5,445
418,POV(20%),600,1,9.92397,9.92,0.676517,5952,13.5,14.5,231
418,AC(kT=0.5),600,1,11.0644,11.06,1.45805,6636,14,19,500
418,AC(kT=2.0),600,1,10.2474,10.2433,0.370042,6146,15,13,444
418,AC(kT=5.0),600,1,6.29252,6.29,1.06137,3774,7,9.5,279
418,AC(kT=10.0),600,1,6.7477,6.745,-3.94876,4047,19,18,174
419,TWAP,600,1,-0.999233,-0.998333,1.54114,-599,-0.5,2,500
419,VWAP,600,1,-7.08137,-7.075,0.707544,-4245,-13.5,-13,445
419,POV(20%),600,1,-4.2555,-4.25167,0.873708,-2551,0.5,-5.5,216
419,AC(kT=0.5),600,1,-9.87389,-9.865,0.201061,-5919,-12,-11.5,500
419,AC(kT=2.0),600,1,3.26794,3.265,-1.51074,1959,31.5,37.5,445
419,AC(kT=5.0),600,1,6.80279,6.79667,-4.03669,4078,25,27,279
419,AC(kT=10.0),600,1,-2.4789,-2.47667,3.18832,-1486,3,6.5,174
420,TWAP,600,1,5.55333,5.55667,0.0636251,3334,21.5,22,500
420,VWAP,600,1,7.34892,7.35333,0.877683,4412,8,4.5,445
420,POV(20%),600,1,7.78699,7.79167,0.584471,4675,11,11,232
420,AC(kT=0.5),600,1,7.38557,7.39,1.47341,4434,13.5,10,500
420,AC(kT=2.0),600,1,9.91405,9.92,-1.72195,5952,20,21,444
420,AC(kT=5.0),600,1,4.75715,4.76,-0.992739,2856,10.5,12,279
420,AC(kT=10.0),600,1,4.28076,4.28333,-5.78189,2570,17,19.5,174
421,TWAP,600,1,1.95804,1.96,0.846308,1176,0.5,2.5,500
421,VWAP,600,1,8.70296,8.71167,1.22551,5227,15.5,13,445
421,POV(20%),600,1,9.88511,9.895,0.880989,5937,11.5,12.5,222
421,AC(kT=0.5),600,1,10.3596,10.37,1.23126,6222,23.5,21.5,500
421,AC(kT=2.0),600,1,4.90842,4.91333,0.943743,2948,5,4,444
421,AC(kT=5.0),600,1,6.88645,6.89333,-3.43752,4136,21,18.5,279
421,AC(kT=10.0),600,1,6.19381,6.2,-4.90962,3720,21.5,26,174
422,TWAP,600,1,5.4869,5.48333,1.4959,3290,2,-3.5,500
422,VWAP,600,1,3.69407,3.69167,0.638415,2215,3.5,4.5,445
422,POV(20%),600,1,8.207,8.20167,1.01361,4921,9,13,230
422,AC(kT=0.5),600,1,1.52432,1.52333,1.20652,914,-4.5,-3.5,500
422,AC(kT=2.0),600,1,2.07635,2.075,1.4305,1245,-5.5,-5.5,444
422,AC(kT=5.0),600,1,4.45289,4.45,-0.662574,2670,10,9.5,279
422,AC(kT=10.0),600,1,5.19504,5.19167,0.491967,3115,11,7,174
423,TWAP,600,1,2.41993,2.41667,-0.0457352,1450,3,2,500
423,VWAP,600,1,1.07478,1.07333,1.07459,644,0.5,-1,445
423,POV(20%),600,1,1.68394,1.68167,0.523506,1009,8.5,9.5,220
423,AC(kT=0.5),600,1,-3.44465,-3.44,-0.614249,-2064,0.5,0.5,500
423,AC(kT=2.0),600,1,-0.859494,-0.858333,2.99341,-515,-13,-8.5,444
423,AC(kT=5.0),600,1,3.96702,3.96167,-0.423197,2377,7.5,3,279
423,AC(kT=10.0),600,1,4.8382,4.83167,-0.156476,2899,7,-1.5,174
424,TWAP,600,1,7.3352,7.33667,1.35973,4402,10,7,500
424,VWAP,600,1,3.36266,3.36333,0.863991,2018,3,5.5,445
424,POV(20%),600,1,6.92528,6.92667,1.4941,4156,0.5,4.5,231
424,AC(kT=0.5),600,1,4.76905,4.77,1.00517,2862,4,5,500
424,AC(kT=2.0),600,1,5.59388,5.595,-0.0346032,3357,6.5,7,444
424,AC(kT=5.0),600,1,7.56682,7.56833,-2.25251,4541,15.5,18.5,279
424,AC(kT=10.0),600,1,3.44764,3.44833,-0.280746,2069,4.5,0.5,174
425,TWAP,600,1,2.39262,2.39167,0.116399,1435,3.5,-3.5,500
425,VWAP,600,1,4.19501,4.19333,0.977501,2516,2.5,5.5,445
425,POV(20%),600,1,4.87362,4.87167,1.2783,2923,4.5,9.5,225
425,AC(kT=0.5),600,1,4.86361,4.86167,0.102421,2917,12,16,500
425,AC(kT=2.0),600,1,6.03241,6.03,0.0610337,3618,11,11,444
425,AC(kT=5.0),600,1,2.20422,2.20333,0.668556,1322,0.5,0,279
425,AC(kT=10.0),600,1,8.0749,8.07167,-1.04946,4843,13.5,14.5,174
426,TWAP,600,1,3.47667,3.47667,0.142515,2086,11.5,19.5,500
426,VWAP,600,1,11.8017,11.8017,1.08395,7081,22,21.5,445
426,POV(20%),600,1,-6.11667,-6.11667,3.92858,-3670,-24.5,-26,221
426,AC(kT=0.5),600,1,2.31167,2.31167,0.635905,1387,8,4.5,500
426,AC(kT=2.0),600,1,4.93833,4.93833,0.620308,2963,4.5,-8,444
426,AC(kT=5.0),600,1,4.665,4.665,-2.11753,2799,12.5,8.5,279
426,AC(kT=10.0),600,1,3.29,3.29,5.07437,1974,-4.5,-8.5,174
427,TWAP,600,1,-0.613579,-0.613333,0.618924,-368,-13.5,-10.5,500
427,VWAP,600,1,-0.7503,-0.75,0.905398,-450,-8.5,-9,445
427,POV(20%),600,1,8.26164,8.25833,1.43297,4955,3,3.5,235
427,AC(kT=0.5),600,1,6.34254,6.34,1.36243,3804,7,9,500
427,AC(kT=2.0),600,1,2.62272,2.62167,1.98844,1573,-7.5,1,444
427,AC(kT=5.0),600,1,8.28498,8.28167,-1.88856,4969,13.5,11.5,279
427,AC(kT=10.0),600,1,5.53888,5.53667,-0.466435,3322,2.5,-5.5,174
428,TWAP,600,1,1.27127,1.27,2.14793,762,-6.5,-7,500
428,VWAP,600,1,3.62696,3.62333,1.11706,2174,0,1.5,445
428,POV(20%),600,1,1.95362,1.95167,1.57036,1171,-1.5,-3.5,213
428,AC(kT=0.5),600,1,7.42409,7.41667,1.56255,4450,10,11,500
428,AC(kT=2.0),600,1,1.88856,1.88667,1.64816,1132,-3.5,-4.5,444
428,AC(kT=5.0),600,1,6.85018,6.84333,-1.00694,4106,12.5,13,279
428,AC(kT=10.0),600,1,6.1011,6.095,-4.3859,3657,18,23.5,174
429,TWAP,600,1,-11.4339,-11.4517,-1.04512,-6871,-27,-28,500
429,VWAP,600,1,4.03208,4.03833,1.06832,2423,6,9,445
429,POV(20%),600,1,4.56126,4.56833,1.51361,2741,2.5,5,214
429,AC(kT=0.5),600,1,8.38034,8.39333,0.453711,5036,17,15.5,500
429,AC(kT=2.0),600,1,4.18352,4.19,-0.633525,2514,14,9,444
429,AC(kT=5.0),600,1,3.99381,4,1.3963,2400,-5.5,-4,279
429,AC(kT=10.0),600,1,1.98526,1.98833,-3.3874,1193,-2,-8.5,174
430,TWAP,600,1,-2.80379,-2.8,1.15377,-1680,-2,0.5,500
430,VWAP,600,1,5.76445,5.75667,1.42412,3454,7.5,8,445
430,POV(20%),600,1,7.74379,7.73333,0.69575,4640,16.5,21,222
430,AC(kT=0.5),600,1,-2.22133,-2.21833,0.726483,-1331,2,0,500
430,AC(kT=2.0),600,1,7.16968,7.16,0.920896,4296,14,14.5,444
430,AC(kT=5.0),600,1,1.49035,1.48833,-4.28872,893,15,16,279
430,AC(kT=10.0),600,1,0.268696,0.268333,-1.44692,161,9,2,174
431,TWAP,600,1,10.2388,10.225,2.14525,6135,20,22,500
431,VWAP,600,1,7.21641,7.20667,1.66991,4324,21.5,20.5,445
431,POV(20%),600,1,8.03919,8.02833,-0.344967,4817,24.5,25,223
431,AC(kT=0.5),600,1,13.4164,13.3983,2.72077,8039,31,32.5,500
431,AC(kT=2.0),600,1,3.19431,3.19,2.78785,1914,-9,-10.5,444
431,AC(kT=5.0),600,1,4.13225,4.12667,-5.43557,2476,23.5,24,279
431,AC(kT=10.0),600,1,2.93563,2.93167,-4.48184,1759,11,10.5,174
432,TWAP,600,1,23.3975,23.38,4.80285,14028,30,30.5,500
432,VWAP,600,1,21.1642,21.1483,0.822879,12689,38,38,445
432,POV(20%),600,1,18.9142,18.9,1.57235,11340,16.5,18.5,210
432,AC(kT=0.5),600,1,15.4783,15.4667,2.55628,9280,19.5,22.5,500
432,AC(kT=2.0),600,1,16.0287,16.0167,0.908509,9610,20.5,18,444
432,AC(kT=5.0),600,1,13.0314,13.0217,-6.28222,7813,32,29,279
432,AC(kT=10.0),600,1,8.52806,8.52167,-6.80101,5113,15,17.5,174
433,TWAP,600,1,10.0125,10.025,1.75513,6015,12,7.5,500
433,VWAP,600,1,14.9513,14.97,0.87558,8982,22,18,445
433,POV(20%),600,1,10.6001,10.6133,-0.276238,6368,22.5,24,223
433,AC(kT=0.5),600,1,7.79026,7.8,0.592743,4680,16,19,500
433,AC(kT=2.0),600,1,4.67582,4.68167,0.355854,2809,5.5,3.5,444
433,AC(kT=5.0),600,1,7.53891,7.54833,-6.82715,4529,31.5,26.5,279
433,AC(kT=10.0),600,1,5.91094,5.91833,-5.23959,3551,8,6,174
434,TWAP,600,1,8.15178,8.15667,2.45192,4894,11,9.5,500
434,VWAP,600,1,-6.06636,-6.07,1.26143,-3642,-9.5,-13,445
434,POV(20%),600,1,3.9926,3.995,1.33085,2397,1,9.5,211
434,AC(kT=0.5),600,1,4.39736,4.4,1.51448,2640,5.5,7,500
434,AC(kT=2.0),600,1,0.406423,0.406667,2.11369,244,9.5,7,444
434,AC(kT=5.0),600,1,5.09528,5.09833,-0.905767,3059,13,17.5,279
434,AC(kT=10.0),600,1,10.1239,10.13,-11.3746,6078,29.5,32.5,174
435,TWAP,600,1,7.11262,7.11333,2.88034,4268,-10.5,-11.5,500
435,VWAP,600,1,12.917,12.9183,0.639833,7751,24,22,446
435,POV(20%),597,0.995,8.97077,8.97167,1.16296,5350,11,8.5,241
435,AC(kT=0.5),600,1,16.7733,16.775,2.46597,10065,25.5,26,500
435,AC(kT=2.0),600,1,9.46572,9.46667,0.480024,5680,10.5,9,444
435,AC(kT=5.0),600,1,8.59581,8.59667,-3.33892,5158,18.5,19,279
435,AC(kT=10.0),600,1,6.97264,6.97333,2.36398,4184,-2,-3.5,174
436,TWAP,600,1,4.51622,4.51667,1.34641,2710,13,12,500
436,VWAP,600,1,-2.31644,-2.31667,1.43705,-1390,-2.5,0.5,445
436,POV(20%),600,1,10.2806,10.2817,-0.563672,6169,27.5,28.5,215
436,AC(kT=0.5),600,1,2.21978,2.22,1.19067,1332,8,6,500
436,AC(kT=2.0),600,1,-0.30497,-0.305,1.11255,-183,-2.5,-3.5,444
436,AC(kT=5.0),600,1,1.0349,1.035,2.93266,621,-5.5,-5.5,279
436,AC(kT=10.0),600,1,2.48142,2.48167,-7.46873,1489,19,15,174
437,TWAP,600,1,9.40047,9.4,-2.53454,5640,46.5,42.5,500
437,VWAP,600,1,2.60346,2.60333,0.835058,1562,5,4.5,445
437,POV(20%),600,1,0.686701,0.686667,1.47795,412,-1.5,-3,235
437,AC(kT=0.5),600,1,1.15006,1.15,0.511704,690,3.5,4.5,500
437,AC(kT=2.0),600,1,2.6618,2.66167,1.17277,1597,-3.5,-4.5,444
437,AC(kT=5.0),600,1,2.27678,2.27667,9.39286,1366,-18,-14.5,279
437,AC(kT=10.0),600,1,4.75524,4.755,-3.23151,2853,18,16.5,174
438,TWAP,600,1,3.97266,3.97167,0.899304,2383,6,13.5,500
438,VWAP,600,1,-2.34392,-2.34333,1.19126,-1406,0.5,-1.5,445
438,POV(20%),600,1,2.12887,2.12833,0.727275,1277,9.5,19,228
438,AC(kT=0.5),600,1,0.25173,0.251667,0.290411,151,5.5,2.5,500
438,AC(kT=2.0),600,1,-4.72118,-4.72,0.228904,-2832,-2.5,-3,444
438,AC(kT=5.0),600,1,-1.16863,-1.16833,7.34182,-701,-20,-18,279
438,AC(kT=10.0),600,1,3.89931,3.89833,-2.11377,2339,8,10,174
439,TWAP,600,1,9.63572,9.615,3.03065,5769,13.5,16,500
439,VWAP,600,1,-7.76837,-7.75167,0.100611,-4651,-15.5,-16,445
439,POV(20%),600,1,5.94946,5.93667,0.993583,3562,5.5,5.5,197
439,AC(kT=0.5),600,1,4.68173,4.67167,2.54789,2803,0,3,500
439,AC(kT=2.0),600,1,-9.45366,-9.43333,0.311114,-5660,-19,-17.5,444
439,AC(kT=5.0),600,1,-4.44957,-4.44,1.95861,-2664,-4,-3.5,279
439,AC(kT=10.0),600,1,-0.334052,-0.333333,2.71359,-200,-9,-6,174
440,TWAP,600,1,6.69132,6.695,1.8692,4017,7.5,8,500
440,VWAP,600,1,6.04334,6.04667,0.69117,3628,11,15,445
440,POV(20%),564,0.94,1.6974,1.69833,1.34323,1091,-2,0,239
440,AC(kT=0.5),600,1,0.273183,0.273333,4.09281,164,-9.5,-11,500
440,AC(kT=2.0),600,1,4.63412,4.63667,0.971766,2782,7.5,6.5,444
440,AC(kT=5.0),600,1,3.90952,3.91167,-1.51956,2347,14,12.5,279
440,AC(kT=10.0),600,1,4.09108,4.09333,2.00365,2456,-0.5,5,174
441,TWAP,600,1,5.26755,5.25833,2.06562,3155,16,13.5,500
441,VWAP,600,1,-2.14876,-2.145,0.715012,-1287,8,10,445
441,POV(20%),600,1,-1.5811,-1.57833,0.54831,-947,6.5,10.5,211
441,AC(kT=0.5),600,1,2.90508,2.9,2.07589,1740,5.5,8.5,500
441,AC(kT=2.0),600,1,-0.151933,-0.151667,-0.83295,-91,5,13.5,444
441,AC(kT=5.0),600,1,-0.225394,-0.225,-0.693185,-135,11,12,279
441,AC(kT=10.0),600,1,0.0100175,0.01,1.21284,6,0,0.5,174
442,TWAP,600,1,-6.11664,-6.12,-0.335807,-3672,3.5,8,500
442,VWAP,600,1,-3.53639,-3.53833,0.772442,-2123,-3.5,-8,445
442,POV(20%),600,1,3.8862,3.88833,-0.402844,2333,16.5,13,218
442,AC(kT=0.5),600,1,-6.09831,-6.10167,-0.322975,-3661,3.5,8,500
442,AC(kT=2.0),600,1,0.239868,0.24,-1.03634,144,6,6,444
442,AC(kT=5.0),600,1,2.47531,2.47667,-0.505417,1486,7.5,11,279
442,AC(kT=10.0),600,1,1.18935,1.19,1.45745,714,-1,2,174
443,TWAP,600,1,-5.27974,-5.28,1.46489,-3168,-18,-15.5,500
443,VWAP,600,1,-0.534973,-0.535,1.05841,-321,-3,-7.5,445
443,POV(20%),596,0.993333,-8.0596,-8.06,1.27638,-4764,-18,-18,231
443,AC(kT=0.5),600,1,-1.54326,-1.54333,1.22142,-926,-4,-4,500
443,AC(kT=2.0),600,1,1.37993,1.38,2.5678,828,-3.5,-4.5,444
443,AC(kT=5.0),600,1,2.74153,2.74167,2.5959,1645,-3,-4,279
443,AC(kT=10.0),600,1,3.89481,3.895,1.67813,2337,2,2.5,174
444,TWAP,600,1,-9.74962,-9.735,-0.243897,-5841,-13,-13,500
444,VWAP,600,1,-9.0252,-9.01167,1.46878,-5407,-2,-4,445
444,POV(20%),600,1,-0.923051,-0.921667,7.74449,-553,-24.5,-24.5,185
444,AC(kT=0.5),600,1,-14.672,-14.65,-0.614209,-8790,-26.5,-30,500
444,AC(kT=2.0),600,1,-0.216992,-0.216667,1.27361,-130,7.5,10,444
444,AC(kT=5.0),600,1,0.383909,0.383333,2.71716,230,4.5,7,279
444,AC(kT=10.0),600,1,-2.14655,-2.14333,3.76307,-1286,-6,-3.5,174
445,TWAP,600,1,4.83266,4.83,0.44827,2898,8.5,8,500
445,VWAP,600,1,-12.0099,-12.0033,-1.60755,-7202,-20.5,-19.5,445
445,POV(20%),600,1,11.3579,11.3517,1.02424,6811,13.5,10,214
445,AC(kT=0.5),600,1,5.17785,5.175,1.47373,3105,8,9,500
445,AC(kT=2.0),600,1,-11.6597,-11.6533,1.8951,-6992,-31,-31.5,444
445,AC(kT=5.0),600,1,0.730402,0.73,-1.54071,438,10.5,8.5,279
445,AC(kT=10.0),600,1,2.99331,2.99167,-1.30498,1795,13,15,175
446,TWAP,600,1,10.6102,10.6133,1.20907,6368,20.5,18,500
446,VWAP,600,1,4.24039,4.24167,0.962173,2545,0.5,-2.5,445
446,POV(20%),581,0.968333,5.49335,5.495,1.18526,3202,5,5,229
446,AC(kT=0.5),600,1,10.2619,10.265,0.124428,6159,20,26.5,500
446,AC(kT=2.0),600,1,5.52834,5.53,1.09265,3318,3,8.5,444
446,AC(kT=5.0),600,1,6.28478,6.28667,-2.33416,3772,16.5,17,279
446,AC(kT=10.0),600,1,6.06985,6.07167,-4.14069,3643,16,16,174
447,TWAP,600,1,-3.09433,-3.09,0.126901,-1854,-11.5,-9,500
447,VWAP,600,1,7.15168,7.14167,1.25792,4285,16.5,16,445
447,POV(20%),600,1,13.4188,13.4,-0.451363,8040,24.5,25,203
447,AC(kT=0.5),600,1,13.8961,13.8767,4.58357,8326,17,7.5,500
447,AC(kT=2.0),600,1,-6.37726,-6.36833,1.21101,-3821,-15,-17.5,444
447,AC(kT=5.0),600,1,4.44122,4.435,-2.59614,2661,9.5,8.5,279
447,AC(kT=10.0),600,1,4.08405,4.07833,3.14981,2447,2.5,3,174
448,TWAP,600,1,7.01991,7.015,1.04325,4209,9.5,7.5,500
448,VWAP,600,1,6.54792,6.54333,0.903249,3926,10.5,11,445
448,POV(20%),590,0.983333,11.6848,11.6767,1.17449,6801,20.5,22,242
448,AC(kT=0.5),600,1,3.59085,3.58833,1.93948,2153,-2.5,-1,500
448,AC(kT=2.0),600,1,7.27843,7.27333,-0.553919,4364,16.5,19.5,444
448,AC(kT=5.0),600,1,5.06855,5.065,-0.0681397,3039,7.5,11,279
448,AC(kT=10.0),600,1,5.80907,5.805,-2.43748,3483,2,-4.5,174
449,TWAP,600,1,-2.2491,-2.25,1.00466,-1350,-9.5,-13,500
449,VWAP,600,1,7.02219,7.025,0.202741,4215,12.5,14,446
449,POV(20%),600,1,6.70565,6.70833,-0.0832135,4025,15,12.5,234
449,AC(kT=0.5),600,1,8.61156,8.615,2.36277,5169,0.5,0.5,500
449,AC(kT=2.0),600,1,6.61569,6.61833,-0.58016,3971,18,15.5,444
449,AC(kT=5.0),600,1,1.28115,1.28167,6.25851,769,-19,-16.5,279
449,AC(kT=10.0),600,1,3.66353,3.665,9.75928,2199,-28.5,-29,174
450,TWAP,600,1,-6.98186,-6.985,-0.134017,-4191,-11.5,-7.5,500
450,VWAP,600,1,5.53251,5.535,0.798509,3321,14,13.5,445
450,POV(20%),600,1,0.128276,0.128333,1.07935,77,3,-4,229
450,AC(kT=0.5),600,1,-8.94264,-8.94667,1.22532,-5368,-21,-19.5,500
450,AC(kT=2.0),600,1,-1.07285,-1.07333,-0.239645,-644,10,11,444
450,AC(kT=5.0),600,1,-1.1045,-1.105,1.77527,-663,0.5,0.5,279
450,AC(kT=10.0),600,1,1.77254,1.77333,-5.1537,1064,8.5,6.5,174
451,TWAP,600,1,3.95011,3.94833,1.551,2369,-2,-0.5,500
451,VWAP,600,1,9.39423,9.39,0.24134,5634,17.5,14,445
451,POV(20%),600,1,7.66512,7.66167,2.50614,4597,-1.5,-4.5,225
451,AC(kT=0.5),600,1,11.9671,11.9617,2.35394,7177,11.5,9.5,500
451,AC(kT=2.0),600,1,8.51883,8.515,0.296097,5109,13,14,444
451,AC(kT=5.0),600,1,5.95435,5.95167,1.22249,3571,-0.5,1,279
451,AC(kT=10.0),600,1,6.32785,6.325,7.06466,3795,-16,-17,174
452,TWAP,600,1,-3.86485,-3.86833,0.871829,-2321,-9,-10,500
452,VWAP,600,1,-0.154861,-0.155,2.13286,-93,-10.5,-13.5,445
452,POV(20%),600,1,3.9581,3.96167,0.966429,2377,4.5,-6,235
452,AC(kT=0.5),600,1,4.69078,4.695,1.158,2817,3.5,2.5,500
452,AC(kT=2.0),600,1,3.15716,3.16,0.264342,1896,7.5,13.5,444
452,AC(kT=5.0),600,1,2.14474,2.14667,0.587594,1288,0,-0.5,279
452,AC(kT=10.0),600,1,2.9257,2.92833,4.99308,1757,-5.5,5.5,174
453,TWAP,600,1,15.8508,15.85,2.22446,9510,23.5,14.5,500
453,VWAP,600,1,0.818374,0.818333,0.873038,491,-2.5,-1.5,445
453,POV(20%),600,1,3.33517,3.335,1.08908,2001,5,8.5,221
453,AC(kT=0.5),600,1,13.919,13.9183,1.81647,8351,28,24.5,500
453,AC(kT=2.0),600,1,2.26178,2.26167,0.701035,1357,2,5.5,444
453,AC(kT=5.0),600,1,8.32208,8.32167,-3.86946,4993,14.5,14,279
453,AC(kT=10.0),600,1,6.61533,6.615,-9.24347,3969,28.5,30.5,174
454,TWAP,600,1,4.02293,4.02333,1.25961,2414,6.5,3.5,500
454,VWAP,600,1,5.90941,5.91,1.03366,3546,4,16,445
454,POV(20%),600,1,4.38456,4.385,0.922048,2631,4,3,205
454,AC(kT=0.5),600,1,22.5711,22.5733,4.37895,13544,30,31,500
454,AC(kT=2.0),600,1,7.34927,7.35,0.00364005,4410,15.5,17.5,444
454,AC(kT=5.0),600,1,4.3179,4.31833,7.97284,2591,-21.5,-17.5,279
454,AC(kT=10.0),600,1,-2.94137,-2.94167,5.03265,-1765,-6.5,-6.5,174
455,TWAP,600,1,6.10408,6.105,1.132,3663,11.5,10,500
455,VWAP,600,1,7.92215,7.92333,0.856858,4754,22,19.5,445
455,POV(20%),600,1,0.169975,0.17,1.38139,102,-2,-1.5,238
455,AC(kT=0.5),600,1,4.70429,4.705,1.32793,2823,8.5,11,500
455,AC(kT=2.0),600,1,9.47191,9.47333,-3.16211,5684,32.5,32.5,444
455,AC(kT=5.0),600,1,4.57431,4.575,-2.15664,2745,8,3.5,279
455,AC(kT=10.0),600,1,3.99607,3.99667,-8.90168,2398,27.5,25,174
456,TWAP,600,1,9.22833,9.22833,2.03899,5537,25,24,500
456,VWAP,600,1,2.90333,2.90333,1.46647,1742,7.5,8.5,445
456,POV(20%),600,1,3.07667,3.07667,0.431245,1846,14.5,11,220
456,AC(kT=0.5),600,1,-4.00333,-4.00333,0.584476,-2402,-9,-16,500
456,AC(kT=2.0),600,1,0.555,0.555,0.927216,333,5,4.5,444
456,AC(kT=5.0),600,1,2.93,2.93,-1.63487,1758,9,10.5,279
456,AC(kT=10.0),600,1,2.705,2.705,-3.9192,1623,15,20,174
457,TWAP,600,1,4.87573,4.875,0.835831,2925,0.5,1.5,500
457,VWAP,600,1,2.48704,2.48667,0.99147,1492,-5,-4.5,445
457,POV(20%),600,1,12.1468,12.145,-0.044357,7287,20,22.5,226
457,AC(kT=0.5),600,1,10.93,10.9283,2.48255,6557,5,5,500
457,AC(kT=2.0),600,1,4.52901,4.52833,0.778827,2717,4.5,4.5,444
457,AC(kT=5.0),600,1,3.71889,3.71833,6.95629,2231,-16,-19.5,279
457,AC(kT=10.0),600,1,8.20456,8.20333,-1.13884,4922,7,8.5,174
458,TWAP,600,1,-1.00995,-1.01,0.405541,-606,1.5,2.5,500
458,VWAP,600,1,11.3378,11.3383,0.129563,6803,32,29.5,445
458,POV(20%),571,0.951667,9.13288,9.13333,1.07816,5001.5,16.5,19,234
458,AC(kT=0.5),600,1,-0.814959,-0.815,0.441518,-489,3.5,2.5,500
458,AC(kT=2.0),600,1,3.20484,3.205,2.54284,1923,-7,-15.5,444
458,AC(kT=5.0),600,1,3.72481,3.725,0.388937,2235,4.5,2,279
458,AC(kT=10.0),600,1,3.93147,3.93167,0.31929,2359,4.5,5.5,174
459,TWAP,600,1,9.96163,9.95167,4.12345,5971,10.5,9,500
459,VWAP,600,1,-0.218552,-0.218333,1.31849,-131,11,18,445
459,POV(20%),600,1,1.85519,1.85333,3.54718,1112,-10,-6,207
459,AC(kT=0.5),600,1,8.41675,8.40833,1.91121,5045,10,8.5,500
459,AC(kT=2.0),600,1,1.89523,1.89333,0.729123,1136,5.5,2,444
459,AC(kT=5.0),600,1,1.83851,1.83667,5.77905,1102,-11,-7.5,279
459,AC(kT=10.0),600,1,1.00434,1.00333,4.6325,602,-3.5,-4.5,174
460,TWAP,600,1,17.6402,17.6217,2.11082,10573,31,31.5,500
460,VWAP,600,1,-1.87864,-1.87667,1.0165,-1126,-3,-9.5,445
460,POV(20%),600,1,4.19107,4.18667,0.657039,2512,4,3,213
460,AC(kT=0.5),600,1,1.42483,1.42333,1.7696,854,-7,-8,500
460,AC(kT=2.0),600,1,-1.15288,-1.15167,1.368,-691,-5,-6,444
460,AC(kT=5.0),600,1,-1.18625,-1.185,1.52644,-711,2,2.5,279
460,AC(kT=10.0),600,1,3.1116,3.10833,3.10731,1865,-6,-6,174
461,TWAP,600,1,8.22075,8.215,1.71265,4929,11.5,10.5,500
461,VWAP,600,1,9.32153,9.315,0.621583,5589,17.5,18.5,445
461,POV(20%),600,1,9.26982,9.26333,1.13308,5558,18,15.5,234
461,AC(kT=0.5),600,1,8.11902,8.11333,1.61408,4868,11.5,10.5,500
461,AC(kT=2.0),600,1,3.89439,3.89167,1.63189,2335,-1,0,444
461,AC(kT=5.0),600,1,5.70399,5.7,-5.29108,3420,24.5,37.5,279
461,AC(kT=10.0),600,1,5.09523,5.09167,-7.35391,3055,20.5,16.5,174
462,TWAP,600,1,-1.85111,-1.85333,2.27135,-1112,-22.5,-21,500
462,VWAP,600,1,5.60494,5.61167,0.776094,3367,6.5,7,445
462,POV(20%),574,0.956667,1.73292,1.735,1.20229,1119,-3,-5.5,224
462,AC(kT=0.5),600,1,0.00998801,0.01,1.40796,6,-10.5,-12,500
462,AC(kT=2.0),600,1,1.90771,1.91,1.69758,1146,-3,5.5,444
462,AC(kT=5.0),600,1,4.43967,4.445,-1.12099,2667,6,6.5,279
462,AC(kT=10.0),600,1,3.64729,3.65167,6.9646,2191,-17.5,-22.5,174
463,TWAP,600,1,5.83837,5.84333,0.783222,3506,12.5,12.5,500
463,VWAP,600,1,6.81754,6.82333,0.857648,4094,12.5,7,445
463,POV(20%),600,1,13.8915,13.9033,-0.283985,8342,32,29.5,231
463,AC(kT=0.5),600,1,9.32707,9.335,1.50667,5601,18.5,16,500
463,AC(kT=2.0),600,1,5.68184,5.68667,0.542701,3412,8,9.5,444
463,AC(kT=5.0),600,1,7.50029,7.50667,-4.18816,4504,18,16,279
463,AC(kT=10.0),600,1,6.70597,6.71167,-1.90741,4027,8.5,9,174
464,TWAP,600,1,-0.381609,-0.381667,0.468003,-229,5,5,500
464,VWAP,600,1,4.46933,4.47,1.08741,2682,2,1.5,445
464,POV(20%),600,1,5.10923,5.11,0.826725,3066,11,11,217
464,AC(kT=0.5),600,1,1.26481,1.265,1.17846,759,-3.5,-2,500
464,AC(kT=2.0),600,1,8.29876,8.3,-1.76167,4980,22.5,22,445
464,AC(kT=5.0),600,1,5.28254,5.28333,-1.16572,3170,5,12.5,279
464,AC(kT=10.0),600,1,5.47751,5.47833,-6.83096,3287,11.5,14.5,174
465,TWAP,600,1,12.1344,12.135,1.95056,7281,18,23,500
465,VWAP,600,1,3.82148,3.82167,0.986713,2293,5.5,12,445
465,POV(20%),600,1,3.52982,3.53,1.22215,2118,4.5,9,220
465,AC(kT=0.5),600,1,12.6977,12.6983,2.32993,7619,19.5,22,500
465,AC(kT=2.0),600,1,-0.514974,-0.515,2.0078,-309,-6,-6,444
465,AC(kT=5.0),600,1,4.0448,4.045,-0.236467,2427,10,11,279
465,AC(kT=10.0),600,1,5.40806,5.40833,0.153745,3245,5.5,5.5,174
466,TWAP,600,1,4.75453,4.75667,1.88285,2854,6,-9,500
466,VWAP,600,1,-1.5643,-1.565,0.661005,-939,-10.5,-11.5,445
466,POV(20%),600,1,4.33805,4.34,1.76767,2604,0.5,3.5,224
466,AC(kT=0.5),600,1,10.377,10.3817,2.59933,6229,16,15.5,500
466,AC(kT=2.0),600,1,4.71788,4.72,-0.516645,2832,13.5,15,444
466,AC(kT=5.0),600,1,2.09739,2.09833,-1.59056,1259,8,17.5,279
466,AC(kT=10.0),600,1,2.80041,2.80167,0.164086,1681,8,9,174
467,TWAP,600,1,7.79543,7.80167,1.54361,4681,10,1.5,500
467,VWAP,600,1,7.01772,7.02333,0.964475,4214,7.5,4.5,445
467,POV(20%),600,1,2.89602,2.89833,1.26659,1739,0.5,0.5,214
467,AC(kT=0.5),600,1,12.4767,12.4867,2.60436,7492,14,12.5,500
467,AC(kT=2.0),600,1,3.58546,3.58833,1.28066,2153,-1,5.5,444
467,AC(kT=5.0),600,1,6.668,6.67333,2.60407,4004,3.5,3,279
467,AC(kT=10.0),600,1,6.65468,6.66,0.9891,3996,-0.5,2,174
468,TWAP,600,1,8.63302,8.63,1.35093,5178,15,13.5,500
468,VWAP,600,1,10.2319,10.2283,0.364383,6137,20,6.5,445
468,POV(20%),600,1,6.03878,6.03667,1.60172,3622,1.5,7,238
468,AC(kT=0.5),600,1,8.558,8.555,1.15012,5133,13.5,14.5,500
468,AC(kT=2.0),600,1,6.10214,6.1,1.24219,3660,3,0,444
468,AC(kT=5.0),600,1,6.46893,6.46667,5.0124,3880,-5,1,280
468,AC(kT=10.0),600,1,4.43989,4.43833,1.10623,2663,-1,4.5,174
469,TWAP,600,1,8.22994,8.225,1.35349,4935,12.5,5.5,500
469,VWAP,600,1,6.09199,6.08833,1.05289,3653,9,15,445
469,POV(20%),600,1,5.4366,5.43333,0.998942,3260,9.5,-5,235
469,AC(kT=0.5),600,1,7.07758,7.07333,1.25901,4244,8,2.5,500
469,AC(kT=2.0),600,1,5.38323,5.38,-0.557961,3228,15,18,444
469,AC(kT=5.0),600,1,7.41612,7.41167,-1.15385,4447,12.5,7,279
469,AC(kT=10.0),600,1,6.27543,6.27167,3.65869,3763,1,7.5,174
470,TWAP,600,1,8.21002,8.21167,1.86006,4927,11,13.5,500
470,VWAP,600,1,-3.25268,-3.25333,0.230011,-1952,-8.5,-7.5,445
470,POV(20%),600,1,1.90962,1.91,1.69345,1146,-2.5,-0.5,210
470,AC(kT=0.5),600,1,14.6937,14.6967,2.81821,8818,19,17.5,500
470,AC(kT=2.0),600,1,13.9239,13.9267,1.86788,8356,21,19,444
470,AC(kT=5.0),600,1,1.88129,1.88167,1.68474,1129,0,6.5,279
470,AC(kT=10.0),600,1,2.66113,2.66167,4.20686,1597,-3.5,-0.5,174
471,TWAP,600,1,-3.07456,-3.07333,0.944498,-1844,-1.5,0,500
471,VWAP,600,1,-13.3987,-13.3933,0.0336826,-8036,-27.5,-26.5,445
471,POV(20%),600,1,-3.43137,-3.43,-0.85377,-2058,-2,-3.5,220
471,AC(kT=0.5),600,1,-8.61511,-8.61167,0.104637,-5167,-11,-14,500
471,AC(kT=2.0),600,1,3.50974,3.50833,-2.90302,2105,21,18.5,444
471,AC(kT=5.0),600,1,0.860344,0.86,-4.74148,516,23.5,21,279
471,AC(kT=10.0),600,1,1.75237,1.75167,0.878895,1051,2,4,174
472,TWAP,600,1,-2.67253,-2.67333,0.766407,-1604,6.5,2.5,500
472,VWAP,600,1,-7.88763,-7.89,0.771103,-4734,-7,-5.5,445
472,POV(20%),600,1,-5.80159,-5.80333,1.90955,-3482,-10.5,-12,197
472,AC(kT=0.5),600,1,-9.50048,-9.50333,0.458058,-5702,-10.5,-10,500
472,AC(kT=2.0),600,1,-0.504849,-0.505,-1.51263,-303,17,15.5,444
472,AC(kT=5.0),600,1,-3.03576,-3.03667,-0.576339,-1822,3,2.5,279
472,AC(kT=10.0),600,1,-6.25146,-6.25333,4.32902,-3752,-9,-7,174
473,TWAP,600,1,1.47429,1.47333,1.51784,884,5.5,6,500
473,VWAP,600,1,-1.35255,-1.35167,1.21283,-811,-1.5,-1.5,445
473,POV(20%),600,1,-3.45725,-3.455,0.488378,-2073,3,-1.5,219
473,AC(kT=0.5),600,1,-7.71668,-7.71167,0.34439,-4627,-16.5,-21.5,500
473,AC(kT=2.0),600,1,-7.8451,-7.84,3.588,-4704,-38,-57,444
473,AC(kT=5.0),600,1,-2.45493,-2.45333,0.495906,-1472,-4.5,-9.5,279
473,AC(kT=10.0),600,1,-0.261837,-0.261667,5.61856,-157,-11.5,-8,174
474,TWAP,600,1,-10.5418,-10.545,-0.788825,-6327,-7.5,-8.5,500
474,VWAP,600,1,1.28628,1.28667,0.713236,772,14.5,12.5,445
474,POV(20%),600,1,1.37126,1.37167,-0.318016,823,13,20.5,216
474,AC(kT=0.5),600,1,-3.84218,-3.84333,0.305785,-2306,-4.5,-10,500
474,AC(kT=2.0),600,1,-5.14012,-5.14167,2.65861,-3085,-20,-20.5,444
474,AC(kT=5.0),600,1,-1.66283,-1.66333,3.36909,-998,-6.5,-13,279
474,AC(kT=10.0),600,1,3.86384,3.865,2.91648,2319,-1,-3,174
475,TWAP,600,1,8.06882,8.05833,2.13312,4835,13,17,500
475,VWAP,600,1,5.24015,5.23333,1.28043,3140,8.5,11,445
475,POV(20%),600,1,10.3918,10.3783,0.232033,6227,18.5,23,207
475,AC(kT=0.5),600,1,-5.99613,-5.98833,-2.25339,-3593,-13.5,-5.5,500
475,AC(kT=2.0),600,1,5.47211,5.465,0.837067,3279,7.5,15,444
475,AC(kT=5.0),600,1,16.5131,16.4917,-4.94791,9895,30.5,26.5,279
475,AC(kT=10.0),600,1,6.08124,6.07333,-1.83113,3644,10.5,19.5,174
476,TWAP,600,1,22.2094,22.1983,3.01875,13319,34,28.5,500
476,VWAP,600,1,4.81741,4.815,0.961675,2889,7,3.5,445
476,POV(20%),600,1,14.5073,14.5,-0.503134,8700,31,31,229
476,AC(kT=0.5),600,1,15.7095,15.7017,3.19365,9421,8.5,5,500
476,AC(kT=2.0),600,1,14.1004,14.0933,-1.26137,8456,33.5,33.5,444
476,AC(kT=5.0),600,1,7.77555,7.77167,0.264339,4663,6.5,6.5,279
476,AC(kT=10.0),600,1,4.03368,4.03167,3.00042,2419,-6,-2.5,174
477,TWAP,600,1,-11.9737,-11.9533,0.7635,-7172,-24,-31.5,500
477,VWAP,600,1,4.4726,4.465,0.515772,2679,12,7.5,445
477,POV(20%),594,0.99,4.42586,4.41833,1.17706,2579,12,14,234
477,AC(kT=0.5),600,1,-0.338909,-0.338333,1.4105,-203,-9,-6,500
477,AC(kT=2.0),600,1,6.30238,6.29167,1.1615,3775,6.5,9,444
477,AC(kT=5.0),600,1,1.72794,1.725,-2.28161,1035,6,8,279
477,AC(kT=10.0),600,1,3.24886,3.24333,8.57051,1946,-14,-16,174
478,TWAP,600,1,7.32044,7.32667,1.35225,4396,14.5,13,500
478,VWAP,600,1,13.0256,13.0367,0.661274,7822,24.5,24,445
478,POV(20%),600,1,5.63188,5.63667,0.998736,3382,7,5,241
478,AC(kT=0.5),600,1,1.42379,1.425,1.16988,855,-3,-2.5,500
478,AC(kT=2.0),600,1,11.2671,11.2767,-2.00777,6766,23,19.5,444
478,AC(kT=5.0),600,1,5.7701,5.775,-0.967449,3465,6,10,279
478,AC(kT=10.0),600,1,5.63521,5.64,-1.43031,3384,9,8,174
479,TWAP,600,1,10.4085,10.4117,3.33117,6247,13,10,500
479,VWAP,600,1,13.2494,13.2533,2.58718,7952,29,28,445
479,POV(20%),600,1,6.76964,6.77167,3.51724,4063,-5,-7,217
479,AC(kT=0.5),600,1,2.14769,2.14833,1.43518,1289,2,5.5,500
479,AC(kT=2.0),600,1,6.25146,6.25333,1.72866,3752,4,-7,444
479,AC(kT=5.0),600,1,0.308241,0.308333,0.298393,185,1,-5,279
479,AC(kT=10.0),600,1,3.79053,3.79167,5.27288,2275,-9,-9.5,174
480,TWAP,600,1,-4.51523,-4.515,-0.382775,-2709,-10.5,-12,500
480,VWAP,600,1,2.0451,2.045,0.863776,1227,4,10,445
480,POV(20%),600,1,4.52689,4.52667,0.663139,2716,13,8.5,220
480,AC(kT=0.5),600,1,-0.756705,-0.756667,1.90238,-454,-9.5,-26.5,500
480,AC(kT=2.0),600,1,-0.0500025,-0.05,3.86028,-30,-8.5,-6.5,444
480,AC(kT=5.0),600,1,3.17349,3.17333,0.424998,1904,1,0,279
480,AC(kT=10.0),600,1,2.88681,2.88667,-0.222578,1732,4,-3,174
481,TWAP,600,1,-0.11022,-0.11,0.848531,-66,1,-4,500
481,VWAP,600,1,5.09185,5.08167,1.2077,3049,10,3,445
481,POV(20%),600,1,2.37475,2.37,1.0273,1422,2.5,3,214
481,AC(kT=0.5),600,1,5.40915,5.39833,1.36713,3239,9.5,12.5,500
481,AC(kT=2.0),600,1,0.193721,0.193333,2.4833,116,-18.5,-21,444
481,AC(kT=5.0),600,1,0.522712,0.521667,-0.0237256,313,2.5,-3.5,279
481,AC(kT=10.0),600,1,1.8654,1.86167,1.03156,1117,8,11.5,174
482,TWAP,600,1,-0.856538,-0.856667,0.562797,-514,-1,1.5,500
482,VWAP,600,1,4.10772,4.10833,1.09842,2465,4.5,4,445
482,POV(20%),600,1,2.33965,2.34,0.985112,1404,4.5,2.5,232
482,AC(kT=0.5),600,1,0.0533253,0.0533333,1.05703,32,-4.5,-9.5,500
482,AC(kT=2.0),600,1,3.38616,3.38667,1.52912,2032,0.5,1,444
482,AC(kT=5.0),600,1,1.47478,1.475,3.67093,885,-11.5,-14,279
482,AC(kT=10.0),600,1,2.22633,2.22667,7.53616,1336,-14,-12,174
483,TWAP,600,1,11.1912,11.175,3.55235,6705,14.5,20,500
483,VWAP,600,1,9.4003,9.38667,1.38315,5632,17.5,22,445
483,POV(20%),581,0.968333,2.61462,2.61083,1.18965,1509.5,3,3.5,220
483,AC(kT=0.5),600,1,1.47714,1.475,0.84839,885,3.5,5,500
483,AC(kT=2.0),600,1,8.968,8.955,0.240563,5373,16,14.5,444
483,AC(kT=5.0),600,1,6.07715,6.06833,-4.92029,3641,17,19,279
483,AC(kT=10.0),600,1,4.03919,4.03333,-4.84642,2420,17.5,20,174
484,TWAP,600,1,4.02535,4.02333,0.871887,2414,5.5,3,500
484,VWAP,600,1,-0.908788,-0.908333,0.773129,-545,-6,-4.5,445
484,POV(20%),600,1,5.31432,5.31167,1.75285,3187,5.5,3,225
484,AC(kT=0.5),600,1,4.60397,4.60167,1.34803,2761,2,2,500
484,AC(kT=2.0),600,1,-1.46573,-1.465,5.72602,-879,-16.5,-18.5,444
484,AC(kT=5.0),600,1,9.72986,9.725,-4.4381,5835,28,27,279
484,AC(kT=10.0),600,1,5.6078,5.605,4.35663,3363,-0.5,-0.5,174
485,TWAP,600,1,15.0235,15.025,2.84771,9015,12.5,11.5,500
485,VWAP,600,1,13.8636,13.865,2.0702,8319,2,-0.5,445
485,POV(20%),600,1,16.625,16.6267,-1.56813,9976,27,26.5,203
485,AC(kT=0.5),600,1,19.2331,19.235,3.66797,11541,19,18.5,500
485,AC(kT=2.0),600,1,14.3769,14.3783,2.14962,8627,11,11,444
485,AC(kT=5.0),600,1,13.1987,13.2,1.18102,7920,15,15,279
485,AC(kT=10.0),600,1,16.0051,16.0067,-4.27795,9604,28,23,174
486,TWAP,600,1,13.5612,13.5883,1.87648,8153,24.5,28.5,500
486,VWAP,600,1,11.1643,11.1867,1.03937,6712,20,23,445
486,POV(20%),600,1,1.9644,1.96833,1.44606,1181,-4,-3.5,230
486,AC(kT=0.5),600,1,3.15203,3.15833,1.17308,1895,2,-3,500
486,AC(kT=2.0),600,1,8.02063,8.03667,0.968519,4822,8,13.5,444
486,AC(kT=5.0),600,1,6.53693,6.55,-2.80402,3930,15,13.5,279
486,AC(kT=10.0),600,1,5.12641,5.13667,-4.50485,3082,4.5,5.5,174
487,TWAP,600,1,8.67283,8.675,1.97136,5205,10.5,9,500
487,VWAP,600,1,7.04824,7.05,0.299919,4230,15.5,15,445
487,POV(20%),600,1,5.09539,5.09667,1.018,3058,10,9.5,234
487,AC(kT=0.5),600,1,8.73948,8.74167,1.29398,5245,15,13.5,500
487,AC(kT=2.0),600,1,3.83238,3.83333,0.533597,2300,7.5,2,446
487,AC(kT=5.0),600,1,3.22919,3.23,3.07726,1938,-6.5,-3.5,279
487,AC(kT=10.0),600,1,3.99234,3.99333,-6.49117,2396,21.5,17.5,174
488,TWAP,600,1,29.0073,28.9667,4.59374,17380,46,37,500
488,VWAP,600,1,14.4853,14.465,0.814581,8679,19,14.5,445
488,POV(20%),600,1,11.5261,11.51,0.499605,6906,15,14.5,226
488,AC(kT=0.5),600,1,20.9026,20.8733,3.86898,12524,30,34.5,500
488,AC(kT=2.0),600,1,10.1642,10.15,2.49006,6090,7,11,444
488,AC(kT=5.0),600,1,10.473,10.4583,-4.7099,6275,26,30.5,279
488,AC(kT=10.0),600,1,8.60204,8.59,-7.45357,5154,23.5,22,174
489,TWAP,600,1,-14.4496,-14.4417,-1.3941,-8665,-18.5,-22,500
489,VWAP,600,1,-10.5875,-10.5817,-0.097826,-6349,-12,-15.5,445
489,POV(20%),600,1,-4.56918,-4.56667,1.7574,-2740,-7.5,-10.5,197
489,AC(kT=0.5),600,1,-5.90658,-5.90333,-0.298521,-3542,-1.5,1.5,500
489,AC(kT=2.0),600,1,-12.2551,-12.2483,0.356827,-7349,-18.5,-27,444
489,AC(kT=5.0),600,1,-1.91272,-1.91167,-0.377688,-1147,5.5,10.5,279
489,AC(kT=10.0),600,1,-1.35074,-1.35,2.32969,-810,3.5,7,174
490,TWAP,600,1,3.27268,3.27333,1.24662,1964,10.5,9.5,500
490,VWAP,600,1,9.95967,9.96167,0.399988,5977,25,25,445
490,POV(20%),600,1,2.06625,2.06667,1.24935,1240,2,1,226
490,AC(kT=0.5),600,1,-0.486569,-0.486667,1.52532,-292,-5.5,-5.5,500
490,AC(kT=2.0),600,1,-0.358262,-0.358333,0.649808,-215,4,-1.5,444
490,AC(kT=5.0),600,1,-0.714857,-0.715,1.46368,-429,1.5,1,279
490,AC(kT=10.0),600,1,0.334933,0.335,4.5805,201,-4,-5,174
491,TWAP,600,1,3.88303,3.88167,0.805241,2329,6,9.5,500
491,VWAP,600,1,9.32826,9.325,-0.396055,5595,21.5,27,445
491,POV(20%),569,0.948333,10.3711,10.3675,1.24905,5755.5,15,18.5,233
491,AC(kT=0.5),600,1,7.66435,7.66167,2.08972,4597,10.5,10.5,500
491,AC(kT=2.0),600,1,8.85643,8.85333,-2.19334,5312,27.5,33,444
491,AC(kT=5.0),600,1,2.35249,2.35167,0.533259,1411,2.5,3.5,279
491,AC(kT=10.0),600,1,3.30116,3.3,-2.18015,1980,2.5,3.5,174
492,TWAP,600,1,4.27945,4.27667,1.74491,2566,7,9.5,500
492,VWAP,600,1,4.83314,4.83,1.10067,2898,8,7,445
492,POV(20%),560,0.933333,6.04393,6.04,1.23289,3384,6,4.5,227
492,AC(kT=0.5),600,1,2.63505,2.63333,2.02127,1580,-4.5,-12.5,500
492,AC(kT=2.0),600,1,6.29743,6.29333,0.842741,3776,9,13.5,444
492,AC(kT=5.0),600,1,5.55695,5.55333,-1.36814,3332,2,2,279
492,AC(kT=10.0),600,1,4.45123,4.44833,2.20314,2669,-3,-5,174
493,TWAP,600,1,16.1896,16.2033,4.05661,9722,13.5,19.5,500
493,VWAP,600,1,10.4694,10.4783,1.56603,6287,18,23.5,445
493,POV(20%),600,1,7.39038,7.39667,1.48653,4438,4.5,2.5,216
493,AC(kT=0.5),600,1,17.0289,17.0433,4.73255,10226,5.5,2.5,500
493,AC(kT=2.0),600,1,13.7933,13.805,1.96739,8283,17,16,444
493,AC(kT=5.0),600,1,0.474597,0.475,-0.207408,285,4.5,11.5,279
493,AC(kT=10.0),600,1,3.46206,3.465,1.23925,2079,-1,0,174
494,TWAP,600,1,-7.2796,-7.28833,-0.709986,-4373,-4.5,-3.5,500
494,VWAP,600,1,-2.4737,-2.47667,1.42506,-1486,0,2,445
494,POV(20%),600,1,-10.9019,-10.915,3.48523,-6549,-24,-24.5,219
494,AC(kT=0.5),600,1,0.554335,0.555,0.318139,333,5,4.5,500
494,AC(kT=2.0),600,1,-2.50866,-2.51167,1.75343,-1507,-10,-8.5,444
494,AC(kT=5.0),600,1,13.2724,13.2883,-9.75428,7973,40,38.5,279
494,AC(kT=10.0),600,1,5.48675,5.49333,-0.40263,3296,5.5,5,174
495,TWAP,600,1,4.29661,4.29833,1.17168,2579,13.5,14,500
495,VWAP,600,1,10.1893,10.1933,0.74057,6116,22.5,28,445
495,POV(20%),600,1,6.61402,6.61667,0.970978,3970,10.5,12,214
495,AC(kT=0.5),600,1,3.51693,3.51833,1.55218,2111,6.5,3,500
495,AC(kT=2.0),600,1,3.14208,3.14333,0.948501,1886,8,8.5,444
495,AC(kT=5.0),600,1,4.60649,4.60833,-5.08732,2765,21,17.5,279
495,AC(kT=10.0),600,1,3.51859,3.52,0.999539,2112,1.5,0.5,174
496,TWAP,600,1,8.8073,8.80333,1.61971,5282,20.5,29,500
496,VWAP,600,1,13.1042,13.0983,2.42611,7859,32.5,35.5,445
496,POV(20%),600,1,3.61829,3.61667,1.63726,2170,0.5,3,236
496,AC(kT=0.5),600,1,5.02393,5.02167,1.0698,3013,14,25.5,500
496,AC(kT=2.0),600,1,-4.53037,-4.52833,7.90994,-2717,-39,-39.5,444
496,AC(kT=5.0),600,1,3.44488,3.44333,-2.35947,2066,17.5,16,279
496,AC(kT=10.0),600,1,4.23691,4.235,0.764026,2541,-1,0.5,174
497,TWAP,600,1,3.54982,3.55,-0.0936413,2130,17,14,500
497,VWAP,600,1,1.83657,1.83667,1.10166,1102,-2.5,-1,445
497,POV(20%),600,1,-1.62159,-1.62167,1.0741,-973,0.5,-2.5,222
497,AC(kT=0.5),600,1,-1.52826,-1.52833,1.17849,-917,-4,-3.5,500
497,AC(kT=2.0),600,1,3.53982,3.54,0.407263,2124,8.5,7,444
497,AC(kT=5.0),600,1,4.20646,4.20667,-2.16857,2524,3,3,279
497,AC(kT=10.0),600,1,3.19984,3.2,-3.03475,1920,4.5,8.5,174
498,TWAP,600,1,16.528,16.49,2.38093,9894,20.5,16.5,500
498,VWAP,600,1,6.47155,6.45667,0.77202,3874,5,7,445
498,POV(20%),600,1,14.5034,14.47,0.960154,8682,14,15,236
498,AC(kT=0.5),600,1,11.61,11.5833,1.97447,6950,17,17,500
498,AC(kT=2.0),600,1,7.15312,7.13667,1.30856,4282,4,11.5,444
498,AC(kT=5.0),600,1,6.58849,6.57333,0.978949,3944,4.5,6.5,279
498,AC(kT=10.0),600,1,6.89252,6.87667,-3.97884,4126,16.5,19,174
499,TWAP,600,1,-0.329654,-0.33,1.5358,-198,1,-2,500
499,VWAP,600,1,3.84097,3.845,1.39642,2307,11.5,13,445
499,POV(20%),600,1,4.62181,4.62667,1.84241,2776,-4.5,-4.5,229
499,AC(kT=0.5),600,1,0.471172,0.471667,2.71014,283,-13,-14.5,500
499,AC(kT=2.0),600,1,12.337,12.35,-2.486,7410,31,29.5,444
499,AC(kT=5.0),600,1,-0.840784,-0.841667,0.340653,-505,3.5,6,279
499,AC(kT=10.0),600,1,0.198125,0.198333,-3.18174,119,11.5,8.5,174
